variant,seed,held_out_strain,is_hub,n_params,best_epoch,elapsed_seconds,test_mae,test_rmse,test_r2,test_pearson,test_sign_acc,test_change_sign_acc,test_n,baseline_mae,baseline_rmse,baseline_r2,baseline_pearson,baseline_sign_acc,baseline_change_sign_acc,baseline_n
attention_no_saturation,42,AN04,False,380073,89,8.7,0.015588524751365185,0.020857710391283035,0.9542971253395081,0.9775837659835815,0.8666666746139526,0.5641025900840759,390.0,0.02233966998755932,0.03592103347182274,0.8644474148750305,0.9588342308998108,0.7974359393119812,0.0,390.0
attention_no_saturation,42,AN07,False,380073,161,12.6,0.01871468871831894,0.024045905098319054,0.8973488211631775,0.9655148386955261,0.9512820839881897,0.8589743971824646,390.0,0.04825698211789131,0.07255915552377701,0.06531327962875366,0.499453067779541,0.8717948794364929,0.0,390.0
attention_no_saturation,42,AN08,False,380073,186,14.4,0.01884983479976654,0.02917345054447651,0.8299199342727661,0.9167858958244324,0.9102564454078674,0.8256410360336304,390.0,0.042234309017658234,0.06288208812475204,0.20980972051620483,0.5777809619903564,0.7666667103767395,0.0,390.0
attention_no_saturation,42,AN09,False,380073,139,11.2,0.012056302279233932,0.016901345923542976,0.947680652141571,0.9747737646102905,0.8871794939041138,0.7102564573287964,390.0,0.021865902468562126,0.03904681280255318,0.7207514643669128,0.8661206364631653,0.6717948913574219,0.0,390.0
attention_no_saturation,42,AN10,False,380073,142,11.4,0.013008850626647472,0.018142826855182648,0.9606152176856995,0.9821597933769226,0.9435897469520569,0.8461538553237915,390.0,0.024638397619128227,0.03869374841451645,0.8208568096160889,0.9128826856613159,0.8564102649688721,0.0,390.0
attention_no_saturation,42,AN11,False,380073,161,12.8,0.020441098138689995,0.02878638543188572,0.8726752996444702,0.9448646903038025,0.8589743971824646,0.8461538553237915,390.0,0.033684566617012024,0.04877995327115059,0.6343873739242554,0.8127267956733704,0.8153846263885498,0.0,390.0
attention_no_saturation,42,AN18,False,380073,63,5.9,0.012078239582479,0.016647612676024437,0.9695354700088501,0.9851614236831665,0.892307698726654,0.7564103007316589,390.0,0.0213072020560503,0.03441827744245529,0.8697828054428101,0.9520304799079895,0.8230769634246826,0.0,390.0
attention_no_saturation,42,AN19,False,380073,129,10.6,0.022958017885684967,0.02949763648211956,0.8952066898345947,0.9585436582565308,0.928205132484436,0.7564103007316589,390.0,0.05419232323765755,0.08235189318656921,0.1832175850868225,0.5743292570114136,0.7794871926307678,0.0,390.0
attention_no_saturation,42,AN20,False,380073,130,10.7,0.012001803144812584,0.01662321388721466,0.9704412817955017,0.9852086901664734,0.8641026020050049,0.7307692766189575,390.0,0.0217701755464077,0.03608337789773941,0.8607261180877686,0.9552841782569885,0.8769230842590332,0.0,390.0
attention_no_saturation,42,AN21,False,380073,68,6.3,0.015948235988616943,0.020800957456231117,0.94924396276474,0.9753988981246948,0.9948718547821045,0.5974358916282654,390.0,0.02019401453435421,0.03345860168337822,0.8686783313751221,0.9461004734039307,0.928205132484436,0.0,390.0
attention_no_saturation,42,AN23,False,380073,15,2.5,0.06868350505828857,0.09166128933429718,0.27524828910827637,0.8063312768936157,0.9256410598754883,0.9000000357627869,390.0,0.09891825169324875,0.13378921151161194,-0.5440431833267212,0.46988314390182495,0.8435897827148438,0.0,390.0
attention_no_saturation,42,AN24,False,380073,129,10.6,0.018822507932782173,0.025814414024353027,0.7977869510650635,0.90955650806427,0.8897436261177063,0.884615421295166,390.0,0.037296492606401443,0.04713437333703041,0.325844407081604,0.6648391485214233,0.7025641202926636,0.0,390.0
attention_no_saturation,42,AN25,False,380073,163,13.0,0.01487594936043024,0.020327221602201462,0.9322093725204468,0.9674702882766724,0.9179487228393555,0.8512820601463318,390.0,0.030525119975209236,0.04564906656742096,0.6581171751022339,0.8343436121940613,0.8384615778923035,0.0,390.0
attention_no_saturation,42,AN26,False,380073,207,16.1,0.021415824070572853,0.02854718454182148,0.8083400130271912,0.9475579261779785,0.8692308068275452,0.920512855052948,390.0,0.03530703857541084,0.04432447999715805,0.5379465818405151,0.7845624089241028,0.7230769395828247,0.0,390.0
attention_no_saturation,42,AN27,False,380073,158,12.6,0.014456003904342651,0.020129721611738205,0.9676697850227356,0.9848248362541199,0.9589743614196777,0.8871794939041138,390.0,0.06701343506574631,0.0931733250617981,0.30734556913375854,0.7885197997093201,0.800000011920929,0.0,390.0
attention_no_saturation,42,AN28,False,380073,211,16.4,0.01889616996049881,0.024887127801775932,0.8636759519577026,0.9304894804954529,0.9025641083717346,0.8871794939041138,390.0,0.03741391748189926,0.04828784614801407,0.4867858290672302,0.7770999670028687,0.8102564215660095,0.0,390.0
attention_no_saturation,42,AN29,False,380073,103,8.7,0.050902921706438065,0.06739678978919983,0.15612930059432983,0.8770051002502441,0.8564102649688721,0.7897436022758484,390.0,0.043065086007118225,0.05828596651554108,0.36886024475097656,0.7556945085525513,0.6794872283935547,0.0,390.0
attention_no_saturation,42,AN30,False,380073,213,16.6,0.019730353727936745,0.026684336364269257,0.825766384601593,0.9303096532821655,0.8410256505012512,0.8871794939041138,390.0,0.03594708442687988,0.04576510936021805,0.4875067472457886,0.7606310248374939,0.7923077344894409,0.0,390.0
attention_no_saturation,42,AN31,False,380073,142,11.5,0.025897182524204254,0.03242217376828194,0.931041419506073,0.9742189645767212,0.9538461565971375,0.8589743971824646,390.0,0.09571103006601334,0.13214997947216034,-0.14561426639556885,0.6806185245513916,0.9256410598754883,0.0,390.0
attention_no_saturation,42,AN32,False,380073,20,2.9,0.030626095831394196,0.04252449423074722,0.6209011077880859,0.7912864089012146,0.8461538553237915,0.7743589878082275,390.0,0.04212597757577896,0.056466296315193176,0.33157479763031006,0.694423496723175,0.7358974814414978,0.0,390.0
attention_no_saturation,42,AN33,False,380073,102,8.7,0.06667754799127579,0.0866023376584053,0.30462509393692017,0.8632753491401672,0.8564102649688721,0.8025641441345215,390.0,0.03755120560526848,0.0489724837243557,0.7776362299919128,0.8923444151878357,0.6820513010025024,0.0,390.0
attention_no_saturation,42,AN34,False,380073,126,10.4,0.022663187235593796,0.02855103835463524,0.9355366230010986,0.9718201756477356,0.9743589758872986,0.8666666746139526,390.0,0.09287919849157333,0.12548065185546875,-0.245153546333313,0.5838490724563599,0.9179487228393555,0.0,390.0
attention_no_saturation,42,AN35,False,380073,71,6.5,0.03896943852305412,0.05143554508686066,0.8148453235626221,0.9562153220176697,0.9128205180168152,0.848717987537384,390.0,0.10187828540802002,0.13658151030540466,-0.3055450916290283,0.630775511264801,0.8666666746139526,0.0,390.0
attention_no_saturation,42,AN36,False,380073,183,14.5,0.05266169086098671,0.07114996761083603,0.7591668963432312,0.9638090133666992,0.9076923131942749,0.8410256505012512,390.0,0.08691771328449249,0.12324360013008118,0.2774040699005127,0.8097381591796875,0.920512855052948,0.0,390.0
attention_no_saturation,42,AN37,False,380073,183,14.5,0.011717830784618855,0.01698673702776432,0.9601283669471741,0.9808348417282104,0.9076923131942749,0.7512820959091187,390.0,0.022658901289105415,0.038611672818660736,0.793993353843689,0.9143104553222656,0.8384615778923035,0.0,390.0
attention_no_saturation,42,AN38,False,380073,122,10.2,0.0359453409910202,0.05121559649705887,0.6883755326271057,0.8928807973861694,0.95641028881073,0.8589743971824646,390.0,0.061323873698711395,0.09047810733318329,0.027445316314697266,0.5515920519828796,0.8589743971824646,0.0,390.0
attention_no_saturation,42,AN41,False,380073,223,17.3,0.040411435067653656,0.0636860653758049,0.44569599628448486,0.787799596786499,0.9410256743431091,0.7564103007316589,390.0,0.049811940640211105,0.07342291623353958,0.26324617862701416,0.6394153237342834,0.8769230842590332,0.0,390.0
attention_no_saturation,42,AN42,False,380073,185,14.7,0.013434355147182941,0.016355324536561966,0.9665751457214355,0.9860582947731018,0.9128205180168152,0.620512843132019,390.0,0.02173314057290554,0.036288704723119736,0.8354512453079224,0.9247941374778748,0.7794871926307678,0.0,390.0
attention_no_saturation,42,AN43,False,380073,197,15.5,0.014590446837246418,0.021441053599119186,0.8953823447227478,0.9527364373207092,0.9307692646980286,0.9102564454078674,390.0,0.03554243966937065,0.04720228537917137,0.4929637908935547,0.7575814723968506,0.8282051682472229,0.0,390.0
attention_no_saturation,42,AN44,False,380073,190,15.0,0.01827949285507202,0.02322373352944851,0.9338287115097046,0.9784197807312012,0.9666666984558105,0.928205132484436,390.0,0.06446009874343872,0.0883944109082222,0.041360437870025635,0.6747174263000488,0.8076923489570618,0.0,390.0
attention_no_saturation,42,AN45,False,380073,158,14.3,0.031473271548748016,0.03840223699808121,0.8819481134414673,0.9673797488212585,0.9153846502304077,0.8282051682472229,390.0,0.09461848437786102,0.13030333817005157,-0.35916101932525635,0.5553541779518127,0.8666666746139526,0.0,390.0
attention_no_saturation,42,AN46,False,380073,189,15.1,0.024568568915128708,0.03529864922165871,0.7581135630607605,0.91023188829422,0.8641026020050049,0.7179487347602844,390.0,0.023226652294397354,0.03812740370631218,0.7177916765213013,0.8773975968360901,0.8282051682472229,0.0,390.0
attention_no_saturation,42,AN47,False,380073,157,12.4,0.016455017030239105,0.021869322285056114,0.9195662140846252,0.9610708355903625,0.8538461923599243,0.6128205060958862,390.0,0.02479369007050991,0.041987814009189606,0.7035071849822998,0.8619070649147034,0.7307692766189575,0.0,390.0
attention_no_saturation,42,AN48,False,380073,222,16.5,0.03269621357321739,0.0475689060986042,0.751607358455658,0.9183384776115417,0.928205132484436,0.764102578163147,390.0,0.052349481731653214,0.07696951925754547,0.34967589378356934,0.7082787752151489,0.9128205180168152,0.0,390.0
attention_no_saturation,42,AN49,False,380073,254,18.8,0.02014487236738205,0.02881244197487831,0.7990846633911133,0.9314684867858887,0.8102564215660095,0.7769231200218201,390.0,0.02139812521636486,0.037926383316516876,0.6518745422363281,0.8354940414428711,0.7179487347602844,0.0,390.0
attention_no_saturation,42,AN50,False,380073,212,15.9,0.01198869850486517,0.015795640647411346,0.9556381106376648,0.9777737855911255,0.9153846502304077,0.7128205299377441,390.0,0.02101154439151287,0.0362025648355484,0.7669685482978821,0.8911349773406982,0.812820553779602,0.0,390.0
attention_no_saturation,42,AN51,False,380073,170,13.0,0.014684743247926235,0.02117450162768364,0.8962965607643127,0.9493539333343506,0.9179487228393555,0.8615384697914124,390.0,0.04207058623433113,0.062049269676208496,0.10948735475540161,0.5339223742485046,0.9102564454078674,0.0,390.0
attention_no_saturation,42,AN52,False,380073,232,17.2,0.05019849166274071,0.0778731107711792,0.4366310238838196,0.8016429543495178,0.9000000357627869,0.6666666865348816,390.0,0.05569162964820862,0.08127719163894653,0.38630127906799316,0.7298445105552673,0.9000000357627869,0.0,390.0
attention_no_saturation,42,AN53,False,380073,208,15.6,0.018643926829099655,0.02637511119246483,0.933369517326355,0.9670009016990662,0.9538461565971375,0.8948718309402466,390.0,0.07413025945425034,0.0999029278755188,0.04403775930404663,0.7084447145462036,0.9307692646980286,0.0,390.0
attention_no_saturation,42,AN54,False,380073,170,13.0,0.02202666737139225,0.033189836889505386,0.8317019939422607,0.9342131018638611,0.8769230842590332,0.812820553779602,390.0,0.03311216086149216,0.04519224539399147,0.6879698038101196,0.8465177416801453,0.884615421295166,0.0,390.0
attention_no_saturation,42,AN55,False,380073,214,16.0,0.02728954516351223,0.044818587601184845,0.8278244733810425,0.9354323744773865,0.9435897469520569,0.8358974456787109,390.0,0.05479399859905243,0.08724340796470642,0.3475903868675232,0.6906450986862183,0.8743590116500854,0.0,390.0
attention_no_saturation,42,AN57,False,380073,112,9.0,0.025822238996624947,0.041313666850328445,0.7829000353813171,0.9135018587112427,0.8307692408561707,0.848717987537384,390.0,0.03513285517692566,0.05174892768263817,0.6593761444091797,0.8323850631713867,0.7358974814414978,0.0,390.0
attention_no_saturation,42,AN58,False,380073,142,11.2,0.016055380925536156,0.02088564820587635,0.976590633392334,0.9908772110939026,0.9794871807098389,0.8564102649688721,390.0,0.0650513619184494,0.09373891353607178,0.5284440517425537,0.8658540844917297,0.8256410360336304,0.0,390.0
attention_no_saturation,42,AN59,False,380073,190,14.3,0.009577265940606594,0.012240815907716751,0.9768463373184204,0.9883666038513184,0.9512820839881897,0.7051282525062561,390.0,0.020798824727535248,0.03590729460120201,0.8007655143737793,0.9169149398803711,0.8410256505012512,0.0,390.0
attention_no_saturation,42,AN62,False,380073,264,19.3,0.02020958624780178,0.025468245148658752,0.9721733331680298,0.9907544255256653,0.9897436499595642,0.8102564215660095,390.0,0.07884541898965836,0.11175479739904404,0.46420902013778687,0.8759009838104248,0.9000000357627869,0.0,390.0
attention_no_saturation,42,AN63,False,380073,185,14.1,0.02342538721859455,0.029291927814483643,0.9484713673591614,0.9744095802307129,0.884615421295166,0.8769230842590332,390.0,0.06420966237783432,0.09031052142381668,0.5101877450942993,0.8215481042861938,0.7923077344894409,0.0,390.0
attention_no_saturation,42,AN65,False,380073,103,8.4,0.01477828435599804,0.019627392292022705,0.9817689061164856,0.9917381405830383,0.9743589758872986,0.8743590116500854,390.0,0.07196363061666489,0.10286451131105423,0.4992527365684509,0.8825613856315613,0.8717948794364929,0.0,390.0
attention_no_saturation,42,AN66,False,380073,195,14.7,0.011539109982550144,0.014179042540490627,0.9908866286277771,0.995803713798523,0.9974359273910522,0.9230769276618958,390.0,0.06947623938322067,0.09837140142917633,0.5613442659378052,0.8829526901245117,0.9051282405853271,0.0,390.0
attention_no_saturation,42,AN67,False,380073,285,20.8,0.024564171209931374,0.03173137083649635,0.9196008443832397,0.9736007452011108,0.884615421295166,0.8051282167434692,390.0,0.07979641854763031,0.11070315539836884,0.021425962448120117,0.7045205235481262,0.7461538910865784,0.0,390.0
attention_no_saturation,42,AN68,False,380073,184,14.0,0.015052178874611855,0.01949736848473549,0.9825693964958191,0.9923707246780396,0.9717949032783508,0.8666666746139526,390.0,0.07256140559911728,0.10253696143627167,0.5179170966148376,0.8828951716423035,0.8692308068275452,0.0,390.0
attention_no_saturation,42,AN69,False,380073,217,16.2,0.01560872234404087,0.019231649115681648,0.9451965689659119,0.9728082418441772,0.9256410598754883,0.8410256505012512,390.0,0.04779282584786415,0.0673258826136589,0.3283565640449524,0.7500608563423157,0.884615421295166,0.0,390.0
attention_no_saturation,42,AN70,False,380073,157,12.1,0.009926906786859035,0.013697297312319279,0.9732396602630615,0.9865804314613342,0.9102564454078674,0.7153846621513367,390.0,0.01944071054458618,0.03477714583277702,0.8274916410446167,0.938083827495575,0.8333333730697632,0.0,390.0
attention_no_saturation,42,AN71,True,380073,235,17.5,0.06392214447259903,0.07483580708503723,0.5808457136154175,0.828606903553009,0.6015779376029968,0.6301774978637695,2028.0,0.08166961371898651,0.0941234901547432,0.3369426131248474,0.7576279640197754,0.5330374836921692,0.0,2028.0
attention_no_saturation,42,RBL1,False,380073,304,22.1,0.011090020649135113,0.013945282436907291,0.975882887840271,0.9898883104324341,0.8538461923599243,0.6230769157409668,390.0,0.020931610837578773,0.03714262694120407,0.8289133906364441,0.9470303058624268,0.8102564215660095,0.0,390.0
attention_no_saturation,42,RBL101,True,380073,186,14.1,0.019558565691113472,0.030773263424634933,0.9029181599617004,0.9515708684921265,0.9428008198738098,0.7475345134735107,2028.0,0.04768788442015648,0.08238724619150162,0.30415773391723633,0.6875008940696716,0.8831360936164856,0.0,2028.0
attention_no_saturation,42,RBL102,False,380073,17,2.5,0.018680430948734283,0.032660987228155136,0.8645020127296448,0.9516788721084595,0.8743590116500854,0.5424164533615112,390.0,0.01903075911104679,0.031996700912714005,0.869957685470581,0.9507333636283875,0.8743590116500854,0.0,390.0
attention_no_saturation,42,RBL103,True,380073,77,6.6,0.023371296003460884,0.03643353655934334,0.893910825252533,0.9458225965499878,0.9092702269554138,0.6671597957611084,2028.0,0.0439491793513298,0.0741797536611557,0.5602161884307861,0.8305266499519348,0.892011821269989,0.0,2028.0
attention_no_saturation,42,RBL11,True,380073,186,14.1,0.016660131514072418,0.026683181524276733,0.9310276508331299,0.9659802913665771,0.935404360294342,0.8925049304962158,2028.0,0.04470333829522133,0.07624229788780212,0.43689197301864624,0.7770991921424866,0.8767258524894714,0.0,2028.0
attention_no_saturation,42,RBL110,True,380073,217,16.2,0.023050649091601372,0.0338204950094223,0.8813864588737488,0.9407849907875061,0.8663707971572876,0.6977317929267883,2028.0,0.04100631922483444,0.06550293415784836,0.5550657510757446,0.815022885799408,0.7988165616989136,0.0,2028.0
attention_no_saturation,42,RBL111,True,380073,136,10.7,0.019126299768686295,0.033243726938962936,0.8927659392356873,0.9449865221977234,0.9206114411354065,0.860946774482727,2028.0,0.042995624244213104,0.0747719556093216,0.45751112699508667,0.7680412530899048,0.8673570156097412,0.0,2028.0
attention_no_saturation,42,RBL12,True,380073,154,11.9,0.023048577830195427,0.035692065954208374,0.8581031560897827,0.9343588948249817,0.9363905191421509,0.8328402638435364,2028.0,0.039363469928503036,0.06330520659685135,0.5536162853240967,0.8342556357383728,0.8856015801429749,0.0,2028.0
attention_no_saturation,42,RBL159,True,380073,231,17.3,0.07363910973072052,0.09258613735437393,0.07786458730697632,0.6220088601112366,0.829170823097229,0.5814185738563538,2002.0,0.03542280197143555,0.046558231115341187,0.7668176889419556,0.8975517153739929,0.8306692838668823,0.0,2002.0
attention_no_saturation,42,RBL22,True,380073,142,11.1,0.023679614067077637,0.03886968269944191,0.8634669184684753,0.929656982421875,0.9329388737678528,0.8106508851051331,2028.0,0.04570047929883003,0.07763896137475967,0.45527732372283936,0.7517364621162415,0.8796844482421875,0.0,2028.0
attention_no_saturation,42,RBL391,False,380073,165,12.6,0.023006048053503036,0.03256165236234665,0.8449851274490356,0.9438017010688782,0.9000000357627869,0.5102564096450806,390.0,0.022069230675697327,0.03772972151637077,0.7918732762336731,0.9222732782363892,0.8538461923599243,0.0,390.0
attention_no_saturation,43,AN04,False,380073,214,16.0,0.011464910581707954,0.016205359250307083,0.972411572933197,0.9865201711654663,0.8769230842590332,0.728205144405365,390.0,0.02233966998755932,0.03592103347182274,0.8644474148750305,0.9588342308998108,0.7974359393119812,0.0,390.0
attention_no_saturation,43,AN07,False,380073,225,16.8,0.019123531877994537,0.024622894823551178,0.892363429069519,0.9702162146568298,0.9538461565971375,0.8615384697914124,390.0,0.04825698211789131,0.07255915552377701,0.06531327962875366,0.499453067779541,0.8717948794364929,0.0,390.0
attention_no_saturation,43,AN08,False,380073,149,11.6,0.019673727452754974,0.031167302280664444,0.8058773279190063,0.9043952226638794,0.8717948794364929,0.8153846263885498,390.0,0.042234309017658234,0.06288208812475204,0.20980972051620483,0.5777809619903564,0.7666667103767395,0.0,390.0
attention_no_saturation,43,AN09,False,380073,238,17.7,0.011512973345816135,0.014743905514478683,0.960185170173645,0.9813858866691589,0.8948718309402466,0.6948718428611755,390.0,0.021865902468562126,0.03904681280255318,0.7207514643669128,0.8661206364631653,0.6717948913574219,0.0,390.0
attention_no_saturation,43,AN10,False,380073,88,7.4,0.016333986073732376,0.02344929613173008,0.9342072010040283,0.9684475660324097,0.9358974695205688,0.7820513248443604,390.0,0.024638397619128227,0.03869374841451645,0.8208568096160889,0.9128826856613159,0.8564102649688721,0.0,390.0
attention_no_saturation,43,AN11,False,380073,93,7.8,0.019611285999417305,0.026650892570614815,0.8908655047416687,0.9466577172279358,0.8871794939041138,0.8205128312110901,390.0,0.033684566617012024,0.04877995327115059,0.6343873739242554,0.8127267956733704,0.8153846263885498,0.0,390.0
attention_no_saturation,43,AN18,False,380073,276,20.4,0.011239888146519661,0.015331294387578964,0.9741626381874084,0.9880026578903198,0.8974359035491943,0.7769231200218201,390.0,0.0213072020560503,0.03441827744245529,0.8697828054428101,0.9520304799079895,0.8230769634246826,0.0,390.0
attention_no_saturation,43,AN19,False,380073,231,17.2,0.025848370045423508,0.03349282592535019,0.8648976683616638,0.9514797329902649,0.9230769276618958,0.7564103007316589,390.0,0.05419232323765755,0.08235189318656921,0.1832175850868225,0.5743292570114136,0.7794871926307678,0.0,390.0
attention_no_saturation,43,AN20,False,380073,226,16.9,0.011606828309595585,0.01627413183450699,0.9716697335243225,0.9867472052574158,0.9076923131942749,0.7025641202926636,390.0,0.0217701755464077,0.03608337789773941,0.8607261180877686,0.9552841782569885,0.8769230842590332,0.0,390.0
attention_no_saturation,43,AN21,False,380073,228,17.1,0.010999671183526516,0.014500751160085201,0.9753338098526001,0.987898051738739,0.992307722568512,0.6948718428611755,390.0,0.02019401453435421,0.03345860168337822,0.8686783313751221,0.9461004734039307,0.928205132484436,0.0,390.0
attention_no_saturation,43,AN23,False,380073,225,16.8,0.02231721021234989,0.031896043568849564,0.9122411608695984,0.9608980417251587,0.9615384936332703,0.884615421295166,390.0,0.09891825169324875,0.13378921151161194,-0.5440431833267212,0.46988314390182495,0.8435897827148438,0.0,390.0
attention_no_saturation,43,AN24,False,380073,239,17.7,0.01880120113492012,0.025830980390310287,0.7975273132324219,0.9031115174293518,0.9076923131942749,0.8897436261177063,390.0,0.037296492606401443,0.04713437333703041,0.325844407081604,0.6648391485214233,0.7025641202926636,0.0,390.0
attention_no_saturation,43,AN25,False,380073,309,22.5,0.013889371417462826,0.01919325813651085,0.9395619034767151,0.9700124263763428,0.9153846502304077,0.8384615778923035,390.0,0.030525119975209236,0.04564906656742096,0.6581171751022339,0.8343436121940613,0.8384615778923035,0.0,390.0
attention_no_saturation,43,AN26,False,380073,173,13.3,0.02375367097556591,0.03182153403759003,0.7618519067764282,0.9387136697769165,0.8358974456787109,0.8948718309402466,390.0,0.03530703857541084,0.04432447999715805,0.5379465818405151,0.7845624089241028,0.7230769395828247,0.0,390.0
attention_no_saturation,43,AN27,False,380073,226,16.9,0.01739352010190487,0.02490883320569992,0.9504960179328918,0.9793176651000977,0.9615384936332703,0.9307692646980286,390.0,0.06701343506574631,0.0931733250617981,0.30734556913375854,0.7885197997093201,0.800000011920929,0.0,390.0
attention_no_saturation,43,AN28,False,380073,270,19.9,0.02404756285250187,0.03298361226916313,0.7605475187301636,0.8961548805236816,0.8948718309402466,0.884615421295166,390.0,0.03741391748189926,0.04828784614801407,0.4867858290672302,0.7770999670028687,0.8102564215660095,0.0,390.0
attention_no_saturation,43,AN29,False,380073,207,15.6,0.057256024330854416,0.07726579904556274,-0.10910356044769287,0.8746238350868225,0.8794872164726257,0.8076923489570618,390.0,0.043065086007118225,0.05828596651554108,0.36886024475097656,0.7556945085525513,0.6794872283935547,0.0,390.0
attention_no_saturation,43,AN30,False,380073,200,15.1,0.01947171241044998,0.02631201595067978,0.830594539642334,0.9338915348052979,0.8358974456787109,0.8948718309402466,390.0,0.03594708442687988,0.04576510936021805,0.4875067472457886,0.7606310248374939,0.7923077344894409,0.0,390.0
attention_no_saturation,43,AN31,False,380073,242,18.0,0.022882452234625816,0.030435798689723015,0.9392321705818176,0.9717695116996765,0.9538461565971375,0.8564102649688721,390.0,0.09571103006601334,0.13214997947216034,-0.14561426639556885,0.6806185245513916,0.9256410598754883,0.0,390.0
attention_no_saturation,43,AN32,False,380073,198,14.9,0.018884899094700813,0.024233601987361908,0.8768852353096008,0.9364813566207886,0.9128205180168152,0.920512855052948,390.0,0.04212597757577896,0.056466296315193176,0.33157479763031006,0.694423496723175,0.7358974814414978,0.0,390.0
attention_no_saturation,43,AN33,False,380073,181,13.8,0.06386619806289673,0.08311006426811218,0.3595768213272095,0.8798046112060547,0.892307698726654,0.8538461923599243,390.0,0.03755120560526848,0.0489724837243557,0.7776362299919128,0.8923444151878357,0.6820513010025024,0.0,390.0
attention_no_saturation,43,AN34,False,380073,242,17.9,0.021074246615171432,0.027759183198213577,0.939062774181366,0.9706601500511169,0.9743589758872986,0.8717948794364929,390.0,0.09287919849157333,0.12548065185546875,-0.245153546333313,0.5838490724563599,0.9179487228393555,0.0,390.0
attention_no_saturation,43,AN35,False,380073,227,16.9,0.024747731164097786,0.036523617804050446,0.9066411256790161,0.9610353112220764,0.920512855052948,0.9076923131942749,390.0,0.10187828540802002,0.13658151030540466,-0.3055450916290283,0.630775511264801,0.8666666746139526,0.0,390.0
attention_no_saturation,43,AN36,False,380073,198,15.1,0.047947004437446594,0.06505737453699112,0.7986462116241455,0.9662482738494873,0.9051282405853271,0.8461538553237915,390.0,0.08691771328449249,0.12324360013008118,0.2774040699005127,0.8097381591796875,0.920512855052948,0.0,390.0
attention_no_saturation,43,AN37,False,380073,95,7.9,0.015623897314071655,0.022864311933517456,0.9277629256248474,0.9636989235877991,0.9000000357627869,0.6794872283935547,390.0,0.022658901289105415,0.038611672818660736,0.793993353843689,0.9143104553222656,0.8384615778923035,0.0,390.0
attention_no_saturation,43,AN38,False,380073,213,16.0,0.03420700505375862,0.049894820898771286,0.7042409181594849,0.9048593640327454,0.9615384936332703,0.8538461923599243,390.0,0.061323873698711395,0.09047810733318329,0.027445316314697266,0.5515920519828796,0.8589743971824646,0.0,390.0
attention_no_saturation,43,AN41,False,380073,159,12.4,0.030061153694987297,0.04430585354566574,0.7317242622375488,0.9046816229820251,0.9461538791656494,0.7897436022758484,390.0,0.049811940640211105,0.07342291623353958,0.26324617862701416,0.6394153237342834,0.8769230842590332,0.0,390.0
attention_no_saturation,43,AN42,False,380073,274,20.2,0.011395378969609737,0.013769827783107758,0.9763076305389404,0.9883447289466858,0.9076923131942749,0.6384615302085876,390.0,0.02173314057290554,0.036288704723119736,0.8354512453079224,0.9247941374778748,0.7794871926307678,0.0,390.0
attention_no_saturation,43,AN43,False,380073,301,22.1,0.016046596691012383,0.024279937148094177,0.8658446669578552,0.945396363735199,0.9333333373069763,0.9102564454078674,390.0,0.03554243966937065,0.04720228537917137,0.4929637908935547,0.7575814723968506,0.8282051682472229,0.0,390.0
attention_no_saturation,43,AN44,False,380073,283,20.8,0.02544678933918476,0.03284299001097679,0.8676600456237793,0.9673684239387512,0.9615384936332703,0.9307692646980286,390.0,0.06446009874343872,0.0883944109082222,0.041360437870025635,0.6747174263000488,0.8076923489570618,0.0,390.0
attention_no_saturation,43,AN45,False,380073,106,8.6,0.04417705163359642,0.05661381036043167,0.7434307336807251,0.954333484172821,0.9128205180168152,0.8435897827148438,390.0,0.09461848437786102,0.13030333817005157,-0.35916101932525635,0.5553541779518127,0.8666666746139526,0.0,390.0
attention_no_saturation,43,AN46,False,380073,237,17.6,0.025188133120536804,0.03731300309300423,0.7297188639640808,0.9055587649345398,0.8717948794364929,0.720512866973877,390.0,0.023226652294397354,0.03812740370631218,0.7177916765213013,0.8773975968360901,0.8282051682472229,0.0,390.0
attention_no_saturation,43,AN47,False,380073,309,22.5,0.015860851854085922,0.020469792187213898,0.9295315742492676,0.9661205410957336,0.8538461923599243,0.6000000238418579,390.0,0.02479369007050991,0.041987814009189606,0.7035071849822998,0.8619070649147034,0.7307692766189575,0.0,390.0
attention_no_saturation,43,AN48,False,380073,302,22.0,0.029726669192314148,0.043239008635282516,0.7947685718536377,0.931762158870697,0.9256410598754883,0.7846153974533081,390.0,0.052349481731653214,0.07696951925754547,0.34967589378356934,0.7082787752151489,0.9128205180168152,0.0,390.0
attention_no_saturation,43,AN49,False,380073,170,13.1,0.018372127786278725,0.02571350894868374,0.8399794697761536,0.9478145241737366,0.7846153974533081,0.7846153974533081,390.0,0.02139812521636486,0.037926383316516876,0.6518745422363281,0.8354940414428711,0.7179487347602844,0.0,390.0
attention_no_saturation,43,AN50,False,380073,253,18.7,0.011361056007444859,0.014789950102567673,0.9611071944236755,0.9808173775672913,0.9179487228393555,0.7051282525062561,390.0,0.02101154439151287,0.0362025648355484,0.7669685482978821,0.8911349773406982,0.812820553779602,0.0,390.0
attention_no_saturation,43,AN51,False,380073,335,24.3,0.016250208020210266,0.02342349663376808,0.8730974793434143,0.9412790536880493,0.9358974695205688,0.8615384697914124,390.0,0.04207058623433113,0.062049269676208496,0.10948735475540161,0.5339223742485046,0.9102564454078674,0.0,390.0
attention_no_saturation,43,AN52,False,380073,261,19.2,0.050324905663728714,0.07843510806560516,0.4284701943397522,0.7963551878929138,0.884615421295166,0.6743590235710144,390.0,0.05569162964820862,0.08127719163894653,0.38630127906799316,0.7298445105552673,0.9000000357627869,0.0,390.0
attention_no_saturation,43,AN53,False,380073,263,19.4,0.02115505561232567,0.027783293277025223,0.9260647296905518,0.9731147885322571,0.9615384936332703,0.9000000357627869,390.0,0.07413025945425034,0.0999029278755188,0.04403775930404663,0.7084447145462036,0.9307692646980286,0.0,390.0
attention_no_saturation,43,AN54,False,380073,192,14.5,0.018534991890192032,0.027234135195612907,0.8866827487945557,0.9442510604858398,0.9358974695205688,0.8076923489570618,390.0,0.03311216086149216,0.04519224539399147,0.6879698038101196,0.8465177416801453,0.884615421295166,0.0,390.0
attention_no_saturation,43,AN55,False,380073,211,15.9,0.03024762123823166,0.05106065049767494,0.776525616645813,0.914415180683136,0.9333333373069763,0.8230769634246826,390.0,0.05479399859905243,0.08724340796470642,0.3475903868675232,0.6906450986862183,0.8743590116500854,0.0,390.0
attention_no_saturation,43,AN57,False,380073,191,14.5,0.02346768043935299,0.03547970950603485,0.839884877204895,0.9309516549110413,0.8333333730697632,0.7871795296669006,390.0,0.03513285517692566,0.05174892768263817,0.6593761444091797,0.8323850631713867,0.7358974814414978,0.0,390.0
attention_no_saturation,43,AN58,False,380073,241,18.0,0.017632219940423965,0.02332177571952343,0.9708111882209778,0.9907258749008179,0.9846154451370239,0.8512820601463318,390.0,0.0650513619184494,0.09373891353607178,0.5284440517425537,0.8658540844917297,0.8256410360336304,0.0,390.0
attention_no_saturation,43,AN59,False,380073,192,14.6,0.009621645323932171,0.012138414196670055,0.9772320985794067,0.988736093044281,0.9615384936332703,0.7128205299377441,390.0,0.020798824727535248,0.03590729460120201,0.8007655143737793,0.9169149398803711,0.8410256505012512,0.0,390.0
attention_no_saturation,43,AN62,False,380073,202,15.2,0.02051081694662571,0.026310434564948082,0.9703025817871094,0.9898771047592163,0.9846154451370239,0.7923077344894409,390.0,0.07884541898965836,0.11175479739904404,0.46420902013778687,0.8759009838104248,0.9000000357627869,0.0,390.0
attention_no_saturation,43,AN63,False,380073,240,17.9,0.023987481370568275,0.030587228015065193,0.9438133239746094,0.9730448722839355,0.8897436261177063,0.8435897827148438,390.0,0.06420966237783432,0.09031052142381668,0.5101877450942993,0.8215481042861938,0.7923077344894409,0.0,390.0
attention_no_saturation,43,AN65,False,380073,137,10.8,0.013837925158441067,0.018637992441654205,0.9835606217384338,0.9925444722175598,1.0,0.9102564454078674,390.0,0.07196363061666489,0.10286451131105423,0.4992527365684509,0.8825613856315613,0.8717948794364929,0.0,390.0
attention_no_saturation,43,AN66,False,380073,227,17.0,0.011734085157513618,0.01495584100484848,0.9898607134819031,0.9950258135795593,1.0,0.884615421295166,390.0,0.06947623938322067,0.09837140142917633,0.5613442659378052,0.8829526901245117,0.9051282405853271,0.0,390.0
attention_no_saturation,43,AN67,False,380073,227,16.9,0.019055647775530815,0.026571791619062424,0.9436212778091431,0.9728865027427673,0.9179487228393555,0.8512820601463318,390.0,0.07979641854763031,0.11070315539836884,0.021425962448120117,0.7045205235481262,0.7461538910865784,0.0,390.0
attention_no_saturation,43,AN68,False,380073,204,15.4,0.014638845808804035,0.01902642473578453,0.9834012389183044,0.991869330406189,0.9743589758872986,0.8564102649688721,390.0,0.07256140559911728,0.10253696143627167,0.5179170966148376,0.8828951716423035,0.8692308068275452,0.0,390.0
attention_no_saturation,43,AN69,False,380073,202,15.2,0.014393591322004795,0.0180401261895895,0.9517770409584045,0.9761420488357544,0.928205132484436,0.8589743971824646,390.0,0.04779282584786415,0.0673258826136589,0.3283565640449524,0.7500608563423157,0.884615421295166,0.0,390.0
attention_no_saturation,43,AN70,False,380073,187,14.2,0.00997439306229353,0.013856055215001106,0.9726157188415527,0.9866633415222168,0.9102564454078674,0.6897436380386353,390.0,0.01944071054458618,0.03477714583277702,0.8274916410446167,0.938083827495575,0.8333333730697632,0.0,390.0
attention_no_saturation,43,AN71,True,380073,323,23.6,0.06366868317127228,0.07405176758766174,0.5895824432373047,0.834104597568512,0.5986193418502808,0.6696252822875977,2028.0,0.08166961371898651,0.0941234901547432,0.3369426131248474,0.7576279640197754,0.5330374836921692,0.0,2028.0
attention_no_saturation,43,RBL1,False,380073,206,15.5,0.01407396886497736,0.018028153106570244,0.9596936702728271,0.9845452308654785,0.8256410360336304,0.5846154093742371,390.0,0.020931610837578773,0.03714262694120407,0.8289133906364441,0.9470303058624268,0.8102564215660095,0.0,390.0
attention_no_saturation,43,RBL101,True,380073,201,15.2,0.019552210345864296,0.030336923897266388,0.9056517481803894,0.9535475373268127,0.9383629560470581,0.7421104907989502,2028.0,0.04768788442015648,0.08238724619150162,0.30415773391723633,0.6875008940696716,0.8831360936164856,0.0,2028.0
attention_no_saturation,43,RBL102,False,380073,211,15.9,0.009163765236735344,0.012006256729364395,0.9816899299621582,0.9914106130599976,0.9487179517745972,0.7455012798309326,390.0,0.01903075911104679,0.031996700912714005,0.869957685470581,0.9507333636283875,0.8743590116500854,0.0,390.0
attention_no_saturation,43,RBL103,True,380073,137,10.8,0.02088306099176407,0.03204083442687988,0.917950451374054,0.9585116505622864,0.9028599858283997,0.6977317929267883,2028.0,0.0439491793513298,0.0741797536611557,0.5602161884307861,0.8305266499519348,0.892011821269989,0.0,2028.0
attention_no_saturation,43,RBL11,True,380073,229,17.1,0.01636562868952751,0.025456974282860756,0.9372211694717407,0.9687605500221252,0.9358974695205688,0.8713017702102661,2028.0,0.04470333829522133,0.07624229788780212,0.43689197301864624,0.7770991921424866,0.8767258524894714,0.0,2028.0
attention_no_saturation,43,RBL110,True,380073,292,21.4,0.022381484508514404,0.030163167044520378,0.9056529998779297,0.9550299048423767,0.8688362836837769,0.6888560056686401,2028.0,0.04100631922483444,0.06550293415784836,0.5550657510757446,0.815022885799408,0.7988165616989136,0.0,2028.0
attention_no_saturation,43,RBL111,True,380073,133,10.5,0.018065432086586952,0.031339969485998154,0.9046961069107056,0.9512107372283936,0.9191321730613708,0.8500986099243164,2028.0,0.042995624244213104,0.0747719556093216,0.45751112699508667,0.7680412530899048,0.8673570156097412,0.0,2028.0
attention_no_saturation,43,RBL12,True,380073,323,23.6,0.02114487811923027,0.03242814913392067,0.8828684687614441,0.9499269127845764,0.9437869787216187,0.8254438042640686,2028.0,0.039363469928503036,0.06330520659685135,0.5536162853240967,0.8342556357383728,0.8856015801429749,0.0,2028.0
attention_no_saturation,43,RBL159,True,380073,25,3.1,0.036242175847291946,0.05186133459210396,0.7106722593307495,0.9081794023513794,0.8251748085021973,0.5979020595550537,2002.0,0.03542280197143555,0.046558231115341187,0.7668176889419556,0.8975517153739929,0.8306692838668823,0.0,2002.0
attention_no_saturation,43,RBL22,True,380073,284,20.8,0.02112659066915512,0.03435726463794708,0.8933273553848267,0.9460955858230591,0.9289941191673279,0.7697238922119141,2028.0,0.04570047929883003,0.07763896137475967,0.45527732372283936,0.7517364621162415,0.8796844482421875,0.0,2028.0
attention_no_saturation,43,RBL391,False,380073,193,14.6,0.014701653271913528,0.019079923629760742,0.9467751979827881,0.9790938496589661,0.9025641083717346,0.5435897707939148,390.0,0.022069230675697327,0.03772972151637077,0.7918732762336731,0.9222732782363892,0.8538461923599243,0.0,390.0
attention_no_saturation,44,AN04,False,380073,158,12.2,0.012704769149422646,0.01762658730149269,0.967360258102417,0.9852420687675476,0.8769230842590332,0.7461538910865784,390.0,0.02233966998755932,0.03592103347182274,0.8644474148750305,0.9588342308998108,0.7974359393119812,0.0,390.0
attention_no_saturation,44,AN07,False,380073,156,12.1,0.018452400341629982,0.02490701526403427,0.8898651003837585,0.9598609805107117,0.9589743614196777,0.8666666746139526,390.0,0.04825698211789131,0.07255915552377701,0.06531327962875366,0.499453067779541,0.8717948794364929,0.0,390.0
attention_no_saturation,44,AN08,False,380073,115,9.3,0.019866665825247765,0.03110070712864399,0.8067060112953186,0.9066970944404602,0.8615384697914124,0.8179487586021423,390.0,0.042234309017658234,0.06288208812475204,0.20980972051620483,0.5777809619903564,0.7666667103767395,0.0,390.0
attention_no_saturation,44,AN09,False,380073,120,9.6,0.0125579247251153,0.016933251172304153,0.9474829435348511,0.9741272330284119,0.8974359035491943,0.684615433216095,390.0,0.021865902468562126,0.03904681280255318,0.7207514643669128,0.8661206364631653,0.6717948913574219,0.0,390.0
attention_no_saturation,44,AN10,False,380073,202,15.2,0.01285697054117918,0.017935900017619133,0.9615084528923035,0.9852026700973511,0.928205132484436,0.8384615778923035,390.0,0.024638397619128227,0.03869374841451645,0.8208568096160889,0.9128826856613159,0.8564102649688721,0.0,390.0
attention_no_saturation,44,AN11,False,380073,95,7.9,0.01803869940340519,0.02533644810318947,0.9013652801513672,0.9518006443977356,0.8769230842590332,0.8512820601463318,390.0,0.033684566617012024,0.04877995327115059,0.6343873739242554,0.8127267956733704,0.8153846263885498,0.0,390.0
attention_no_saturation,44,AN18,False,380073,140,11.0,0.01166315097361803,0.01582721434533596,0.9724641442298889,0.9868724942207336,0.8641026020050049,0.7692307829856873,390.0,0.0213072020560503,0.03441827744245529,0.8697828054428101,0.9520304799079895,0.8230769634246826,0.0,390.0
attention_no_saturation,44,AN19,False,380073,210,15.8,0.02567882649600506,0.03420184180140495,0.8591170907020569,0.9468263983726501,0.9333333373069763,0.7564103007316589,390.0,0.05419232323765755,0.08235189318656921,0.1832175850868225,0.5743292570114136,0.7794871926307678,0.0,390.0
attention_no_saturation,44,AN20,False,380073,19,2.7,0.03138309344649315,0.04763069748878479,0.7573227286338806,0.9253566265106201,0.7333333492279053,0.5564102530479431,390.0,0.0217701755464077,0.03608337789773941,0.8607261180877686,0.9552841782569885,0.8769230842590332,0.0,390.0
attention_no_saturation,44,AN21,False,380073,130,10.3,0.012228786014020443,0.015404189936816692,0.972164511680603,0.9860333204269409,0.9897436499595642,0.6435897350311279,390.0,0.02019401453435421,0.03345860168337822,0.8686783313751221,0.9461004734039307,0.928205132484436,0.0,390.0
attention_no_saturation,44,AN23,False,380073,122,9.7,0.028372403234243393,0.03651602193713188,0.8849771022796631,0.9644770622253418,0.9512820839881897,0.9051282405853271,390.0,0.09891825169324875,0.13378921151161194,-0.5440431833267212,0.46988314390182495,0.8435897827148438,0.0,390.0
attention_no_saturation,44,AN24,False,380073,194,14.8,0.018742401152849197,0.025853119790554047,0.7971801161766052,0.905615508556366,0.9051282405853271,0.8871794939041138,390.0,0.037296492606401443,0.04713437333703041,0.325844407081604,0.6648391485214233,0.7025641202926636,0.0,390.0
attention_no_saturation,44,AN25,False,380073,270,19.9,0.019043011590838432,0.028782043606042862,0.8640883564949036,0.9413928389549255,0.892307698726654,0.812820553779602,390.0,0.030525119975209236,0.04564906656742096,0.6581171751022339,0.8343436121940613,0.8384615778923035,0.0,390.0
attention_no_saturation,44,AN26,False,380073,209,15.7,0.01841304451227188,0.024811161682009697,0.8552231788635254,0.9587537050247192,0.8794872164726257,0.9230769276618958,390.0,0.03530703857541084,0.04432447999715805,0.5379465818405151,0.7845624089241028,0.7230769395828247,0.0,390.0
attention_no_saturation,44,AN27,False,380073,164,12.7,0.014958841726183891,0.02092662639915943,0.9650592803955078,0.9831989407539368,0.9589743614196777,0.9153846502304077,390.0,0.06701343506574631,0.0931733250617981,0.30734556913375854,0.7885197997093201,0.800000011920929,0.0,390.0
attention_no_saturation,44,AN28,False,380073,159,12.3,0.017711643129587173,0.023029062896966934,0.8832718729972839,0.9415859580039978,0.9128205180168152,0.9000000357627869,390.0,0.03741391748189926,0.04828784614801407,0.4867858290672302,0.7770999670028687,0.8102564215660095,0.0,390.0
attention_no_saturation,44,AN29,False,380073,239,17.8,0.06060027331113815,0.08016643673181534,-0.1939404010772705,0.8822944164276123,0.8512820601463318,0.7974359393119812,390.0,0.043065086007118225,0.05828596651554108,0.36886024475097656,0.7556945085525513,0.6794872283935547,0.0,390.0
attention_no_saturation,44,AN30,False,380073,207,15.6,0.021217048168182373,0.02957502007484436,0.7859726548194885,0.9209595918655396,0.8358974456787109,0.8974359035491943,390.0,0.03594708442687988,0.04576510936021805,0.4875067472457886,0.7606310248374939,0.7923077344894409,0.0,390.0
attention_no_saturation,44,AN31,False,380073,212,16.0,0.022373342886567116,0.028347136452794075,0.9472864270210266,0.9743989706039429,0.9589743614196777,0.8564102649688721,390.0,0.09571103006601334,0.13214997947216034,-0.14561426639556885,0.6806185245513916,0.9256410598754883,0.0,390.0
attention_no_saturation,44,AN32,False,380073,208,15.7,0.01833258755505085,0.024172468110919,0.8775056004524231,0.946838915348053,0.928205132484436,0.920512855052948,390.0,0.04212597757577896,0.056466296315193176,0.33157479763031006,0.694423496723175,0.7358974814414978,0.0,390.0
attention_no_saturation,44,AN33,False,380073,183,13.9,0.06360424309968948,0.08260533213615417,0.367331862449646,0.8765661716461182,0.8820512890815735,0.8333333730697632,390.0,0.03755120560526848,0.0489724837243557,0.7776362299919128,0.8923444151878357,0.6820513010025024,0.0,390.0
attention_no_saturation,44,AN34,False,380073,194,14.9,0.020038358867168427,0.026111727580428123,0.9460811614990234,0.9745606184005737,0.9871795177459717,0.8769230842590332,390.0,0.09287919849157333,0.12548065185546875,-0.245153546333313,0.5838490724563599,0.9179487228393555,0.0,390.0
attention_no_saturation,44,AN35,False,380073,80,6.8,0.0412168987095356,0.05328702554106712,0.8012757301330566,0.9579549431800842,0.9076923131942749,0.8538461923599243,390.0,0.10187828540802002,0.13658151030540466,-0.3055450916290283,0.630775511264801,0.8666666746139526,0.0,390.0
attention_no_saturation,44,AN36,False,380073,133,10.5,0.049821384251117706,0.06707106530666351,0.785988450050354,0.9675384163856506,0.9076923131942749,0.8410256505012512,390.0,0.08691771328449249,0.12324360013008118,0.2774040699005127,0.8097381591796875,0.920512855052948,0.0,390.0
attention_no_saturation,44,AN37,False,380073,207,15.6,0.0114093367010355,0.016229359433054924,0.9636045694351196,0.9821555614471436,0.9307692646980286,0.7717949151992798,390.0,0.022658901289105415,0.038611672818660736,0.793993353843689,0.9143104553222656,0.8384615778923035,0.0,390.0
attention_no_saturation,44,AN38,False,380073,210,15.8,0.036497779190540314,0.053602684289216995,0.6586498022079468,0.8885003328323364,0.9615384936332703,0.8615384697914124,390.0,0.061323873698711395,0.09047810733318329,0.027445316314697266,0.5515920519828796,0.8589743971824646,0.0,390.0
attention_no_saturation,44,AN41,False,380073,212,15.9,0.04150466248393059,0.06429913640022278,0.4349726438522339,0.7812458872795105,0.920512855052948,0.728205144405365,390.0,0.049811940640211105,0.07342291623353958,0.26324617862701416,0.6394153237342834,0.8769230842590332,0.0,390.0
attention_no_saturation,44,AN42,False,380073,239,17.7,0.012089119292795658,0.014954728074371815,0.9720547199249268,0.9871872067451477,0.9102564454078674,0.6333333253860474,390.0,0.02173314057290554,0.036288704723119736,0.8354512453079224,0.9247941374778748,0.7794871926307678,0.0,390.0
attention_no_saturation,44,AN43,False,380073,132,10.4,0.016521282494068146,0.023843925446271896,0.8706196546554565,0.9427453875541687,0.9153846502304077,0.8743590116500854,390.0,0.03554243966937065,0.04720228537917137,0.4929637908935547,0.7575814723968506,0.8282051682472229,0.0,390.0
attention_no_saturation,44,AN44,False,380073,176,13.5,0.019010215997695923,0.025017043575644493,0.9232147932052612,0.9695444703102112,0.95641028881073,0.928205132484436,390.0,0.06446009874343872,0.0883944109082222,0.041360437870025635,0.6747174263000488,0.8076923489570618,0.0,390.0
attention_no_saturation,44,AN45,False,380073,197,14.9,0.021100541576743126,0.028189126402139664,0.9363903403282166,0.9704207181930542,0.9358974695205688,0.8794872164726257,390.0,0.09461848437786102,0.13030333817005157,-0.35916101932525635,0.5553541779518127,0.8666666746139526,0.0,390.0
attention_no_saturation,44,AN46,False,380073,150,11.7,0.018042508512735367,0.023556416854262352,0.8922756910324097,0.9545901417732239,0.8666666746139526,0.7076923251152039,390.0,0.023226652294397354,0.03812740370631218,0.7177916765213013,0.8773975968360901,0.8282051682472229,0.0,390.0
attention_no_saturation,44,AN47,False,380073,51,4.9,0.023576118052005768,0.03715171664953232,0.7678731083869934,0.8986888527870178,0.7846153974533081,0.6051282286643982,390.0,0.02479369007050991,0.041987814009189606,0.7035071849822998,0.8619070649147034,0.7307692766189575,0.0,390.0
attention_no_saturation,44,AN48,False,380073,222,16.6,0.03607117384672165,0.05329480394721031,0.6882100701332092,0.8977622389793396,0.9333333373069763,0.7769231200218201,390.0,0.052349481731653214,0.07696951925754547,0.34967589378356934,0.7082787752151489,0.9128205180168152,0.0,390.0
attention_no_saturation,44,AN49,False,380073,138,10.9,0.02056044153869152,0.0292959064245224,0.7922855019569397,0.9268397092819214,0.7974359393119812,0.7717949151992798,390.0,0.02139812521636486,0.037926383316516876,0.6518745422363281,0.8354940414428711,0.7179487347602844,0.0,390.0
attention_no_saturation,44,AN50,False,380073,113,9.1,0.012665697373449802,0.016961101442575455,0.9488502144813538,0.9743347764015198,0.8666666746139526,0.7153846621513367,390.0,0.02101154439151287,0.0362025648355484,0.7669685482978821,0.8911349773406982,0.812820553779602,0.0,390.0
attention_no_saturation,44,AN51,False,380073,284,20.9,0.0161500982940197,0.02410667948424816,0.8655869364738464,0.9376649260520935,0.9384615421295166,0.8666666746139526,390.0,0.04207058623433113,0.062049269676208496,0.10948735475540161,0.5339223742485046,0.9102564454078674,0.0,390.0
attention_no_saturation,44,AN52,False,380073,131,10.3,0.04875572398304939,0.07483640313148499,0.47971218824386597,0.814825177192688,0.9128205180168152,0.7307692766189575,390.0,0.05569162964820862,0.08127719163894653,0.38630127906799316,0.7298445105552673,0.9000000357627869,0.0,390.0
attention_no_saturation,44,AN53,False,380073,237,17.6,0.01789037138223648,0.025396278128027916,0.9382233619689941,0.9700890779495239,0.95641028881073,0.884615421295166,390.0,0.07413025945425034,0.0999029278755188,0.04403775930404663,0.7084447145462036,0.9307692646980286,0.0,390.0
attention_no_saturation,44,AN54,False,380073,235,17.5,0.016200682148337364,0.02401948720216751,0.9118552803993225,0.9604818224906921,0.8871794939041138,0.8102564215660095,390.0,0.03311216086149216,0.04519224539399147,0.6879698038101196,0.8465177416801453,0.884615421295166,0.0,390.0
attention_no_saturation,44,AN55,False,380073,143,11.3,0.030892519280314445,0.05204470083117485,0.7678289413452148,0.9102311730384827,0.9435897469520569,0.8333333730697632,390.0,0.05479399859905243,0.08724340796470642,0.3475903868675232,0.6906450986862183,0.8743590116500854,0.0,390.0
attention_no_saturation,44,AN57,False,380073,294,21.5,0.016823068261146545,0.026822203770279884,0.9084915518760681,0.9545196294784546,0.9000000357627869,0.800000011920929,390.0,0.03513285517692566,0.05174892768263817,0.6593761444091797,0.8323850631713867,0.7358974814414978,0.0,390.0
attention_no_saturation,44,AN58,False,380073,198,14.9,0.014438184909522533,0.019714387133717537,0.9791426062583923,0.9917271733283997,0.9846154451370239,0.8589743971824646,390.0,0.0650513619184494,0.09373891353607178,0.5284440517425537,0.8658540844917297,0.8256410360336304,0.0,390.0
attention_no_saturation,44,AN59,False,380073,164,12.6,0.009881940670311451,0.012644391506910324,0.9752944111824036,0.9877187013626099,0.9538461565971375,0.7025641202926636,390.0,0.020798824727535248,0.03590729460120201,0.8007655143737793,0.9169149398803711,0.8410256505012512,0.0,390.0
attention_no_saturation,44,AN62,False,380073,94,7.8,0.020801642909646034,0.027417058125138283,0.9677518606185913,0.9881188273429871,0.992307722568512,0.7846153974533081,390.0,0.07884541898965836,0.11175479739904404,0.46420902013778687,0.8759009838104248,0.9000000357627869,0.0,390.0
attention_no_saturation,44,AN63,False,380073,278,20.5,0.023275962099432945,0.03042292408645153,0.9444153308868408,0.9767616391181946,0.8974359035491943,0.8333333730697632,390.0,0.06420966237783432,0.09031052142381668,0.5101877450942993,0.8215481042861938,0.7923077344894409,0.0,390.0
attention_no_saturation,44,AN65,False,380073,211,15.9,0.014441602863371372,0.018955763429403305,0.9829952716827393,0.9934799075126648,0.9974359273910522,0.9230769276618958,390.0,0.07196363061666489,0.10286451131105423,0.4992527365684509,0.8825613856315613,0.8717948794364929,0.0,390.0
attention_no_saturation,44,AN66,False,380073,235,17.5,0.011738724075257778,0.014537384733557701,0.9904201626777649,0.996248722076416,0.9948718547821045,0.8948718309402466,390.0,0.06947623938322067,0.09837140142917633,0.5613442659378052,0.8829526901245117,0.9051282405853271,0.0,390.0
attention_no_saturation,44,AN67,False,380073,186,14.2,0.017894292250275612,0.02501336857676506,0.9500405192375183,0.9750551581382751,0.9538461565971375,0.8743590116500854,390.0,0.07979641854763031,0.11070315539836884,0.021425962448120117,0.7045205235481262,0.7461538910865784,0.0,390.0
attention_no_saturation,44,AN68,False,380073,209,15.7,0.013336247764527798,0.017384491860866547,0.9861425161361694,0.993211030960083,0.9871795177459717,0.8666666746139526,390.0,0.07256140559911728,0.10253696143627167,0.5179170966148376,0.8828951716423035,0.8692308068275452,0.0,390.0
attention_no_saturation,44,AN69,False,380073,84,7.2,0.022316323593258858,0.02780938521027565,0.8854071497917175,0.9707655310630798,0.9384615421295166,0.8589743971824646,390.0,0.04779282584786415,0.0673258826136589,0.3283565640449524,0.7500608563423157,0.884615421295166,0.0,390.0
attention_no_saturation,44,AN70,False,380073,326,23.8,0.00928646232932806,0.012322232127189636,0.9783428907394409,0.9896624088287354,0.9179487228393555,0.7358974814414978,390.0,0.01944071054458618,0.03477714583277702,0.8274916410446167,0.938083827495575,0.8333333730697632,0.0,390.0
attention_no_saturation,44,AN71,True,380073,205,15.4,0.05599948391318321,0.06766113638877869,0.6573635339736938,0.8509904146194458,0.7396450042724609,0.9053254723548889,2028.0,0.08166961371898651,0.0941234901547432,0.3369426131248474,0.7576279640197754,0.5330374836921692,0.0,2028.0
attention_no_saturation,44,RBL1,False,380073,176,13.4,0.013324216939508915,0.016882814466953278,0.9646523594856262,0.9863739609718323,0.8512820601463318,0.5974358916282654,390.0,0.020931610837578773,0.03714262694120407,0.8289133906364441,0.9470303058624268,0.8102564215660095,0.0,390.0
attention_no_saturation,44,RBL101,True,380073,248,18.5,0.01940932311117649,0.030774232000112534,0.9029120802879333,0.9510825276374817,0.9437869787216187,0.7485207319259644,2028.0,0.04768788442015648,0.08238724619150162,0.30415773391723633,0.6875008940696716,0.8831360936164856,0.0,2028.0
attention_no_saturation,44,RBL102,False,380073,30,3.4,0.018552729859948158,0.03160620480775833,0.8731124401092529,0.9493574500083923,0.8230769634246826,0.5989717245101929,390.0,0.01903075911104679,0.031996700912714005,0.869957685470581,0.9507333636283875,0.8743590116500854,0.0,390.0
attention_no_saturation,44,RBL103,True,380073,195,14.7,0.01855975016951561,0.027935197576880455,0.9376305341720581,0.9687431454658508,0.9063116312026978,0.6997041702270508,2028.0,0.0439491793513298,0.0741797536611557,0.5602161884307861,0.8305266499519348,0.892011821269989,0.0,2028.0
attention_no_saturation,44,RBL11,True,380073,296,21.6,0.01522362045943737,0.022875437512993813,0.9493080973625183,0.974906861782074,0.9334319829940796,0.8865877985954285,2028.0,0.04470333829522133,0.07624229788780212,0.43689197301864624,0.7770991921424866,0.8767258524894714,0.0,2028.0
attention_no_saturation,44,RBL110,True,380073,157,12.1,0.022771557793021202,0.033239688724279404,0.8854254484176636,0.9424600005149841,0.8722879886627197,0.7253451943397522,2028.0,0.04100631922483444,0.06550293415784836,0.5550657510757446,0.815022885799408,0.7988165616989136,0.0,2028.0
attention_no_saturation,44,RBL111,True,380073,174,13.4,0.01755751110613346,0.03020116128027439,0.9114964604377747,0.955073893070221,0.9201183319091797,0.8594674468040466,2028.0,0.042995624244213104,0.0747719556093216,0.45751112699508667,0.7680412530899048,0.8673570156097412,0.0,2028.0
attention_no_saturation,44,RBL12,True,380073,285,20.8,0.02201889082789421,0.03367796167731285,0.8736657500267029,0.9431551694869995,0.9368836283683777,0.8062130212783813,2028.0,0.039363469928503036,0.06330520659685135,0.5536162853240967,0.8342556357383728,0.8856015801429749,0.0,2028.0
attention_no_saturation,44,RBL159,True,380073,184,14.0,0.07896360754966736,0.09556753188371658,0.017520546913146973,0.5764715075492859,0.8896103501319885,0.5714285373687744,2002.0,0.03542280197143555,0.046558231115341187,0.7668176889419556,0.8975517153739929,0.8306692838668823,0.0,2002.0
attention_no_saturation,44,RBL22,True,380073,84,7.1,0.024368736892938614,0.039685189723968506,0.8576777577400208,0.9280125498771667,0.9344181418418884,0.7721893787384033,2028.0,0.04570047929883003,0.07763896137475967,0.45527732372283936,0.7517364621162415,0.8796844482421875,0.0,2028.0
attention_no_saturation,44,RBL391,False,380073,237,17.6,0.015650194138288498,0.02080729603767395,0.9367017149925232,0.9760740995407104,0.9000000357627869,0.5410256385803223,390.0,0.022069230675697327,0.03772972151637077,0.7918732762336731,0.9222732782363892,0.8538461923599243,0.0,390.0
attention_no_saturation,45,AN04,False,380073,137,10.8,0.017082620412111282,0.023962143808603287,0.9396799802780151,0.9734324812889099,0.8076923489570618,0.6025640964508057,390.0,0.02233966998755932,0.03592103347182274,0.8644474148750305,0.9588342308998108,0.7974359393119812,0.0,390.0
attention_no_saturation,45,AN07,False,380073,216,16.2,0.016998739913105965,0.0217417161911726,0.9160792827606201,0.9672428369522095,0.9538461565971375,0.8692308068275452,390.0,0.04825698211789131,0.07255915552377701,0.06531327962875366,0.499453067779541,0.8717948794364929,0.0,390.0
attention_no_saturation,45,AN08,False,380073,206,15.5,0.019993141293525696,0.03135858476161957,0.803487241268158,0.9037861227989197,0.8666666746139526,0.8205128312110901,390.0,0.042234309017658234,0.06288208812475204,0.20980972051620483,0.5777809619903564,0.7666667103767395,0.0,390.0
attention_no_saturation,45,AN09,False,380073,42,4.3,0.02255425415933132,0.039852362126111984,0.7091106176376343,0.8663650751113892,0.6974359154701233,0.48974359035491943,390.0,0.021865902468562126,0.03904681280255318,0.7207514643669128,0.8661206364631653,0.6717948913574219,0.0,390.0
attention_no_saturation,45,AN10,False,380073,213,16.0,0.014674646779894829,0.02070312574505806,0.9487149715423584,0.9767271876335144,0.9384615421295166,0.7589743733406067,390.0,0.024638397619128227,0.03869374841451645,0.8208568096160889,0.9128826856613159,0.8564102649688721,0.0,390.0
attention_no_saturation,45,AN11,False,380073,192,14.6,0.01970762200653553,0.028140688315033913,0.8783231973648071,0.942828893661499,0.8384615778923035,0.8538461923599243,390.0,0.033684566617012024,0.04877995327115059,0.6343873739242554,0.8127267956733704,0.8153846263885498,0.0,390.0
attention_no_saturation,45,AN18,False,380073,174,13.3,0.011337012983858585,0.01499816682189703,0.9752733111381531,0.9889448285102844,0.8743590116500854,0.7179487347602844,390.0,0.0213072020560503,0.03441827744245529,0.8697828054428101,0.9520304799079895,0.8230769634246826,0.0,390.0
attention_no_saturation,45,AN19,False,380073,133,10.5,0.024299632757902145,0.03221028670668602,0.8750464916229248,0.9542970061302185,0.9179487228393555,0.7487179636955261,390.0,0.05419232323765755,0.08235189318656921,0.1832175850868225,0.5743292570114136,0.7794871926307678,0.0,390.0
attention_no_saturation,45,AN20,False,380073,156,12.1,0.012357194907963276,0.01730024255812168,0.9679845571517944,0.9843013882637024,0.8871794939041138,0.6948718428611755,390.0,0.0217701755464077,0.03608337789773941,0.8607261180877686,0.9552841782569885,0.8769230842590332,0.0,390.0
attention_no_saturation,45,AN21,False,380073,55,5.2,0.020167283713817596,0.03287404030561447,0.8732269406318665,0.9452787041664124,0.9102564454078674,0.5230769515037537,390.0,0.02019401453435421,0.03345860168337822,0.8686783313751221,0.9461004734039307,0.928205132484436,0.0,390.0
attention_no_saturation,45,AN23,False,380073,143,11.2,0.03396390378475189,0.04302840679883957,0.8402916193008423,0.9609084725379944,0.9307692646980286,0.8615384697914124,390.0,0.09891825169324875,0.13378921151161194,-0.5440431833267212,0.46988314390182495,0.8435897827148438,0.0,390.0
attention_no_saturation,45,AN24,False,380073,64,5.8,0.029860515147447586,0.03811487555503845,0.5591674447059631,0.8002650141716003,0.8461538553237915,0.8333333730697632,390.0,0.037296492606401443,0.04713437333703041,0.325844407081604,0.6648391485214233,0.7025641202926636,0.0,390.0
attention_no_saturation,45,AN25,False,380073,19,2.7,0.029290929436683655,0.04507995396852493,0.6665886640548706,0.8366584777832031,0.8384615778923035,0.6948718428611755,390.0,0.030525119975209236,0.04564906656742096,0.6581171751022339,0.8343436121940613,0.8384615778923035,0.0,390.0
attention_no_saturation,45,AN26,False,380073,198,14.9,0.021203499287366867,0.028761880472302437,0.8054463267326355,0.9458292126655579,0.8461538553237915,0.9256410598754883,390.0,0.03530703857541084,0.04432447999715805,0.5379465818405151,0.7845624089241028,0.7230769395828247,0.0,390.0
attention_no_saturation,45,AN27,False,380073,19,2.7,0.04588181525468826,0.06084206700325012,0.7046470642089844,0.8894014358520508,0.9153846502304077,0.848717987537384,390.0,0.06701343506574631,0.0931733250617981,0.30734556913375854,0.7885197997093201,0.800000011920929,0.0,390.0
attention_no_saturation,45,AN28,False,380073,18,2.6,0.02869638055562973,0.039857417345047,0.6503438353538513,0.807930052280426,0.7897436022758484,0.7538461685180664,390.0,0.03741391748189926,0.04828784614801407,0.4867858290672302,0.7770999670028687,0.8102564215660095,0.0,390.0
attention_no_saturation,45,AN29,False,380073,19,2.7,0.03496144711971283,0.04558368772268295,0.6139740943908691,0.8256575465202332,0.8307692408561707,0.7794871926307678,390.0,0.043065086007118225,0.05828596651554108,0.36886024475097656,0.7556945085525513,0.6794872283935547,0.0,390.0
attention_no_saturation,45,AN30,False,380073,173,13.4,0.024714605882763863,0.03394385427236557,0.7180699110031128,0.9064688086509705,0.8307692408561707,0.8974359035491943,390.0,0.03594708442687988,0.04576510936021805,0.4875067472457886,0.7606310248374939,0.7923077344894409,0.0,390.0
attention_no_saturation,45,AN31,False,380073,120,9.6,0.029193274676799774,0.03822800889611244,0.9041333794593811,0.976025402545929,0.9333333373069763,0.892307698726654,390.0,0.09571103006601334,0.13214997947216034,-0.14561426639556885,0.6806185245513916,0.9256410598754883,0.0,390.0
attention_no_saturation,45,AN32,False,380073,243,18.1,0.01771332509815693,0.02317291870713234,0.8874266147613525,0.9432216882705688,0.9256410598754883,0.920512855052948,390.0,0.04212597757577896,0.056466296315193176,0.33157479763031006,0.694423496723175,0.7358974814414978,0.0,390.0
attention_no_saturation,45,AN33,False,380073,19,2.7,0.034569140523672104,0.05463287606835365,0.7232625484466553,0.8679425716400146,0.8153846263885498,0.7512820959091187,390.0,0.03755120560526848,0.0489724837243557,0.7776362299919128,0.8923444151878357,0.6820513010025024,0.0,390.0
attention_no_saturation,45,AN34,False,380073,156,12.1,0.02681352198123932,0.03387082740664482,0.9092762470245361,0.9719640612602234,0.9743589758872986,0.8717948794364929,390.0,0.09287919849157333,0.12548065185546875,-0.245153546333313,0.5838490724563599,0.9179487228393555,0.0,390.0
attention_no_saturation,45,AN35,False,380073,196,14.9,0.026958588510751724,0.03823580592870712,0.8976828455924988,0.9613018035888672,0.928205132484436,0.9153846502304077,390.0,0.10187828540802002,0.13658151030540466,-0.3055450916290283,0.630775511264801,0.8666666746139526,0.0,390.0
attention_no_saturation,45,AN36,False,380073,106,8.7,0.03875507041811943,0.0518769696354866,0.8719687461853027,0.977045476436615,0.892307698726654,0.8641026020050049,390.0,0.08691771328449249,0.12324360013008118,0.2774040699005127,0.8097381591796875,0.920512855052948,0.0,390.0
attention_no_saturation,45,AN37,False,380073,279,20.5,0.01296580396592617,0.018355943262577057,0.9534416794776917,0.9776873588562012,0.8948718309402466,0.7333333492279053,390.0,0.022658901289105415,0.038611672818660736,0.793993353843689,0.9143104553222656,0.8384615778923035,0.0,390.0
attention_no_saturation,45,AN38,False,380073,191,14.5,0.03435468673706055,0.04967569187283516,0.7068331241607666,0.9084482192993164,0.9666666984558105,0.8589743971824646,390.0,0.061323873698711395,0.09047810733318329,0.027445316314697266,0.5515920519828796,0.8589743971824646,0.0,390.0
attention_no_saturation,45,AN41,False,380073,149,11.7,0.030461926013231277,0.0438118502497673,0.7376734018325806,0.9033997654914856,0.9358974695205688,0.7717949151992798,390.0,0.049811940640211105,0.07342291623353958,0.26324617862701416,0.6394153237342834,0.8769230842590332,0.0,390.0
attention_no_saturation,45,AN42,False,380073,149,11.6,0.012275561690330505,0.015386031940579414,0.9704195261001587,0.9861304759979248,0.9102564454078674,0.6538461446762085,390.0,0.02173314057290554,0.036288704723119736,0.8354512453079224,0.9247941374778748,0.7794871926307678,0.0,390.0
attention_no_saturation,45,AN43,False,380073,170,13.0,0.019259169697761536,0.028704555705189705,0.8124942779541016,0.9345468282699585,0.920512855052948,0.884615421295166,390.0,0.03554243966937065,0.04720228537917137,0.4929637908935547,0.7575814723968506,0.8282051682472229,0.0,390.0
attention_no_saturation,45,AN44,False,380073,203,15.3,0.019565580412745476,0.025223886594176292,0.9219397902488708,0.9747813940048218,0.9615384936332703,0.928205132484436,390.0,0.06446009874343872,0.0883944109082222,0.041360437870025635,0.6747174263000488,0.8076923489570618,0.0,390.0
attention_no_saturation,45,AN45,False,380073,186,14.1,0.03498794138431549,0.04293613135814667,0.8524274230003357,0.9651030898094177,0.8769230842590332,0.8256410360336304,390.0,0.09461848437786102,0.13030333817005157,-0.35916101932525635,0.5553541779518127,0.8666666746139526,0.0,390.0
attention_no_saturation,45,AN46,False,380073,19,2.7,0.02507316693663597,0.04201299324631691,0.6573406457901001,0.8647040128707886,0.8230769634246826,0.5692307949066162,390.0,0.023226652294397354,0.03812740370631218,0.7177916765213013,0.8773975968360901,0.8282051682472229,0.0,390.0
attention_no_saturation,45,AN47,False,380073,19,2.7,0.032713793218135834,0.05139092728495598,0.5558388233184814,0.8202671408653259,0.7153846621513367,0.38717949390411377,390.0,0.02479369007050991,0.041987814009189606,0.7035071849822998,0.8619070649147034,0.7307692766189575,0.0,390.0
attention_no_saturation,45,AN48,False,380073,203,15.4,0.035573288798332214,0.05248934030532837,0.6975632309913635,0.899621307849884,0.9307692646980286,0.7820513248443604,390.0,0.052349481731653214,0.07696951925754547,0.34967589378356934,0.7082787752151489,0.9128205180168152,0.0,390.0
attention_no_saturation,45,AN49,False,380073,138,10.8,0.021591316908597946,0.031560175120830536,0.7589362859725952,0.914392352104187,0.8025641441345215,0.7666667103767395,390.0,0.02139812521636486,0.037926383316516876,0.6518745422363281,0.8354940414428711,0.7179487347602844,0.0,390.0
attention_no_saturation,45,AN50,False,380073,19,2.7,0.022864049300551414,0.039332155138254166,0.7249375581741333,0.8838091492652893,0.812820553779602,0.5076923370361328,390.0,0.02101154439151287,0.0362025648355484,0.7669685482978821,0.8911349773406982,0.812820553779602,0.0,390.0
attention_no_saturation,45,AN51,False,380073,143,11.2,0.017003795132040977,0.026188630610704422,0.8413674235343933,0.9218373894691467,0.9256410598754883,0.8435897827148438,390.0,0.04207058623433113,0.062049269676208496,0.10948735475540161,0.5339223742485046,0.9102564454078674,0.0,390.0
attention_no_saturation,45,AN52,False,380073,95,7.9,0.05151849240064621,0.07698684930801392,0.4493812918663025,0.7863710522651672,0.9512820839881897,0.6615384817123413,390.0,0.05569162964820862,0.08127719163894653,0.38630127906799316,0.7298445105552673,0.9000000357627869,0.0,390.0
attention_no_saturation,45,AN53,False,380073,20,2.8,0.05011264234781265,0.06328221410512924,0.6164273023605347,0.8513419032096863,0.9051282405853271,0.8205128312110901,390.0,0.07413025945425034,0.0999029278755188,0.04403775930404663,0.7084447145462036,0.9307692646980286,0.0,390.0
attention_no_saturation,45,AN54,False,380073,288,21.2,0.023212425410747528,0.03540818765759468,0.8084526658058167,0.9282586574554443,0.8743590116500854,0.8230769634246826,390.0,0.03311216086149216,0.04519224539399147,0.6879698038101196,0.8465177416801453,0.884615421295166,0.0,390.0
attention_no_saturation,45,AN55,False,380073,120,9.6,0.03626318648457527,0.06201628968119621,0.6703397035598755,0.8696067929267883,0.928205132484436,0.8230769634246826,390.0,0.05479399859905243,0.08724340796470642,0.3475903868675232,0.6906450986862183,0.8743590116500854,0.0,390.0
attention_no_saturation,45,AN57,False,380073,210,15.7,0.027481263503432274,0.04403320699930191,0.7533773183822632,0.9013381004333496,0.8307692408561707,0.8256410360336304,390.0,0.03513285517692566,0.05174892768263817,0.6593761444091797,0.8323850631713867,0.7358974814414978,0.0,390.0
attention_no_saturation,45,AN58,False,380073,137,10.8,0.016419781371951103,0.02183499187231064,0.9744141697883606,0.990708589553833,0.9871795177459717,0.8564102649688721,390.0,0.0650513619184494,0.09373891353607178,0.5284440517425537,0.8658540844917297,0.8256410360336304,0.0,390.0
attention_no_saturation,45,AN59,False,380073,163,12.6,0.012838468886911869,0.017263159155845642,0.9539489150047302,0.9786330461502075,0.9128205180168152,0.6666666865348816,390.0,0.020798824727535248,0.03590729460120201,0.8007655143737793,0.9169149398803711,0.8410256505012512,0.0,390.0
attention_no_saturation,45,AN62,False,380073,120,9.7,0.019569123163819313,0.02562188170850277,0.9718366265296936,0.9880393147468567,0.9948718547821045,0.8102564215660095,390.0,0.07884541898965836,0.11175479739904404,0.46420902013778687,0.8759009838104248,0.9000000357627869,0.0,390.0
attention_no_saturation,45,AN63,False,380073,226,16.9,0.022621380165219307,0.029049420729279518,0.9493210315704346,0.975476086139679,0.8871794939041138,0.8769230842590332,390.0,0.06420966237783432,0.09031052142381668,0.5101877450942993,0.8215481042861938,0.7923077344894409,0.0,390.0
attention_no_saturation,45,AN65,False,380073,308,22.5,0.01966533437371254,0.02537684142589569,0.9695236682891846,0.9919092059135437,0.9307692646980286,0.8666666746139526,390.0,0.07196363061666489,0.10286451131105423,0.4992527365684509,0.8825613856315613,0.8717948794364929,0.0,390.0
attention_no_saturation,45,AN66,False,380073,184,14.0,0.012345013208687305,0.015661878511309624,0.9888808131217957,0.995521605014801,1.0,0.9230769276618958,390.0,0.06947623938322067,0.09837140142917633,0.5613442659378052,0.8829526901245117,0.9051282405853271,0.0,390.0
attention_no_saturation,45,AN67,False,380073,18,2.6,0.05731049180030823,0.07750506699085236,0.5203395485877991,0.85944002866745,0.9025641083717346,0.8538461923599243,390.0,0.07979641854763031,0.11070315539836884,0.021425962448120117,0.7045205235481262,0.7461538910865784,0.0,390.0
attention_no_saturation,45,AN68,False,380073,208,15.8,0.014721333049237728,0.019404223188757896,0.9827355146408081,0.9914600253105164,0.9846154451370239,0.8641026020050049,390.0,0.07256140559911728,0.10253696143627167,0.5179170966148376,0.8828951716423035,0.8692308068275452,0.0,390.0
attention_no_saturation,45,AN69,False,380073,18,2.6,0.03221160173416138,0.04343361034989357,0.7204711437225342,0.8748989701271057,0.8897436261177063,0.7384615540504456,390.0,0.04779282584786415,0.0673258826136589,0.3283565640449524,0.7500608563423157,0.884615421295166,0.0,390.0
attention_no_saturation,45,AN70,False,380073,215,16.2,0.009644892998039722,0.01341240108013153,0.9743412733078003,0.9871414303779602,0.9256410598754883,0.7230769395828247,390.0,0.01944071054458618,0.03477714583277702,0.8274916410446167,0.938083827495575,0.8333333730697632,0.0,390.0
attention_no_saturation,45,AN71,True,380073,211,15.9,0.060534920543432236,0.07257644087076187,0.6057729721069336,0.8228000402450562,0.6208086609840393,0.7268244624137878,2028.0,0.08166961371898651,0.0941234901547432,0.3369426131248474,0.7576279640197754,0.5330374836921692,0.0,2028.0
attention_no_saturation,45,RBL1,False,380073,189,14.4,0.015414813533425331,0.020076489076018333,0.9500142335891724,0.9813165664672852,0.8410256505012512,0.5948718190193176,390.0,0.020931610837578773,0.03714262694120407,0.8289133906364441,0.9470303058624268,0.8102564215660095,0.0,390.0
attention_no_saturation,45,RBL101,True,380073,295,21.6,0.021492870524525642,0.03510534390807152,0.8736610412597656,0.9372981190681458,0.9344181418418884,0.7450690269470215,2028.0,0.04768788442015648,0.08238724619150162,0.30415773391723633,0.6875008940696716,0.8831360936164856,0.0,2028.0
attention_no_saturation,45,RBL102,False,380073,234,17.4,0.009978694841265678,0.01333370991051197,0.9774172902107239,0.9886507391929626,0.9461538791656494,0.7069408893585205,390.0,0.01903075911104679,0.031996700912714005,0.869957685470581,0.9507333636283875,0.8743590116500854,0.0,390.0
attention_no_saturation,45,RBL103,True,380073,138,10.9,0.02389940433204174,0.03658386319875717,0.8930335640907288,0.9450995326042175,0.8885601758956909,0.635108470916748,2028.0,0.0439491793513298,0.0741797536611557,0.5602161884307861,0.8305266499519348,0.892011821269989,0.0,2028.0
attention_no_saturation,45,RBL11,True,380073,222,16.6,0.018250586465001106,0.02988836169242859,0.9134625792503357,0.9567602872848511,0.9368836283683777,0.867850124835968,2028.0,0.04470333829522133,0.07624229788780212,0.43689197301864624,0.7770991921424866,0.8767258524894714,0.0,2028.0
attention_no_saturation,45,RBL110,True,380073,19,2.7,0.033718228340148926,0.050822362303733826,0.7321546673774719,0.8914018869400024,0.8757396340370178,0.6982248425483704,2028.0,0.04100631922483444,0.06550293415784836,0.5550657510757446,0.815022885799408,0.7988165616989136,0.0,2028.0
attention_no_saturation,45,RBL111,True,380073,19,2.7,0.03460494056344032,0.06007981300354004,0.649756133556366,0.8632990717887878,0.9196252822875977,0.7983234524726868,2028.0,0.042995624244213104,0.0747719556093216,0.45751112699508667,0.7680412530899048,0.8673570156097412,0.0,2028.0
attention_no_saturation,45,RBL12,True,380073,173,13.3,0.023762155324220657,0.03737736865878105,0.844386637210846,0.9297307133674622,0.9358974695205688,0.7795858383178711,2028.0,0.039363469928503036,0.06330520659685135,0.5536162853240967,0.8342556357383728,0.8856015801429749,0.0,2028.0
attention_no_saturation,45,RBL159,True,380073,92,7.7,0.03410553187131882,0.04334229975938797,0.797918438911438,0.902686357498169,0.8981018662452698,0.5139859914779663,2002.0,0.03542280197143555,0.046558231115341187,0.7668176889419556,0.8975517153739929,0.8306692838668823,0.0,2002.0
attention_no_saturation,45,RBL22,True,380073,211,15.8,0.022037871181964874,0.03691645339131355,0.8768439292907715,0.9364332556724548,0.9383629560470581,0.8279092907905579,2028.0,0.04570047929883003,0.07763896137475967,0.45527732372283936,0.7517364621162415,0.8796844482421875,0.0,2028.0
attention_no_saturation,45,RBL391,False,380073,188,14.3,0.017040522769093513,0.022606760263442993,0.9252799153327942,0.9701897501945496,0.9000000357627869,0.528205156326294,390.0,0.022069230675697327,0.03772972151637077,0.7918732762336731,0.9222732782363892,0.8538461923599243,0.0,390.0
attention_no_saturation,46,AN04,False,380073,116,9.5,0.013095030561089516,0.018377635627985,0.9645195603370667,0.9830902814865112,0.8769230842590332,0.7025641202926636,390.0,0.02233966998755932,0.03592103347182274,0.8644474148750305,0.9588342308998108,0.7974359393119812,0.0,390.0
attention_no_saturation,46,AN07,False,380073,107,8.7,0.02680668607354164,0.03675686940550804,0.760139524936676,0.936595618724823,0.9487179517745972,0.8435897827148438,390.0,0.04825698211789131,0.07255915552377701,0.06531327962875366,0.499453067779541,0.8717948794364929,0.0,390.0
attention_no_saturation,46,AN08,False,380073,138,10.8,0.024147992953658104,0.03869231417775154,0.7008236646652222,0.8522190451622009,0.8384615778923035,0.8282051682472229,390.0,0.042234309017658234,0.06288208812475204,0.20980972051620483,0.5777809619903564,0.7666667103767395,0.0,390.0
attention_no_saturation,46,AN09,False,380073,213,15.9,0.01229760143905878,0.01633189618587494,0.9511467814445496,0.9763497114181519,0.8769230842590332,0.6743590235710144,390.0,0.021865902468562126,0.03904681280255318,0.7207514643669128,0.8661206364631653,0.6717948913574219,0.0,390.0
attention_no_saturation,46,AN10,False,380073,209,15.7,0.013158194720745087,0.018093744292855263,0.9608280062675476,0.9853598475456238,0.9307692646980286,0.8282051682472229,390.0,0.024638397619128227,0.03869374841451645,0.8208568096160889,0.9128826856613159,0.8564102649688721,0.0,390.0
attention_no_saturation,46,AN11,False,380073,127,10.1,0.02180047705769539,0.03077942505478859,0.8544341325759888,0.9383411407470703,0.8333333730697632,0.848717987537384,390.0,0.033684566617012024,0.04877995327115059,0.6343873739242554,0.8127267956733704,0.8153846263885498,0.0,390.0
attention_no_saturation,46,AN18,False,380073,202,15.2,0.011560751125216484,0.015592291951179504,0.9732754826545715,0.9877514839172363,0.8615384697914124,0.7717949151992798,390.0,0.0213072020560503,0.03441827744245529,0.8697828054428101,0.9520304799079895,0.8230769634246826,0.0,390.0
attention_no_saturation,46,AN19,False,380073,141,11.0,0.025762783363461494,0.03401191532611847,0.8606774806976318,0.9503418207168579,0.9410256743431091,0.7589743733406067,390.0,0.05419232323765755,0.08235189318656921,0.1832175850868225,0.5743292570114136,0.7794871926307678,0.0,390.0
attention_no_saturation,46,AN20,False,380073,170,13.0,0.011915468610823154,0.01675848290324211,0.9699583053588867,0.9849659204483032,0.8717948794364929,0.6871795058250427,390.0,0.0217701755464077,0.03608337789773941,0.8607261180877686,0.9552841782569885,0.8769230842590332,0.0,390.0
attention_no_saturation,46,AN21,False,380073,203,15.3,0.01131307240575552,0.014799379743635654,0.9743074178695679,0.9871861934661865,0.992307722568512,0.692307710647583,390.0,0.02019401453435421,0.03345860168337822,0.8686783313751221,0.9461004734039307,0.928205132484436,0.0,390.0
attention_no_saturation,46,AN23,False,380073,238,17.7,0.021017173305153847,0.030413929373025894,0.9202074408531189,0.9635936617851257,0.9692307710647583,0.8974359035491943,390.0,0.09891825169324875,0.13378921151161194,-0.5440431833267212,0.46988314390182495,0.8435897827148438,0.0,390.0
attention_no_saturation,46,AN24,False,380073,143,11.2,0.022804314270615578,0.03161094710230827,0.6967787146568298,0.8790826201438904,0.8743590116500854,0.8717948794364929,390.0,0.037296492606401443,0.04713437333703041,0.325844407081604,0.6648391485214233,0.7025641202926636,0.0,390.0
attention_no_saturation,46,AN25,False,380073,211,15.8,0.01775304786860943,0.025811780244112015,0.8906926512718201,0.9545354247093201,0.892307698726654,0.8410256505012512,390.0,0.030525119975209236,0.04564906656742096,0.6581171751022339,0.8343436121940613,0.8384615778923035,0.0,390.0
attention_no_saturation,46,AN26,False,380073,183,13.9,0.022008098661899567,0.028965022414922714,0.8026883602142334,0.9420627355575562,0.8641026020050049,0.9102564454078674,390.0,0.03530703857541084,0.04432447999715805,0.5379465818405151,0.7845624089241028,0.7230769395828247,0.0,390.0
attention_no_saturation,46,AN27,False,380073,256,19.0,0.015369921922683716,0.021728502586483955,0.9623302221298218,0.9841400384902954,0.95641028881073,0.9102564454078674,390.0,0.06701343506574631,0.0931733250617981,0.30734556913375854,0.7885197997093201,0.800000011920929,0.0,390.0
attention_no_saturation,46,AN28,False,380073,210,15.8,0.02009887807071209,0.026815272867679596,0.8417341113090515,0.9224331378936768,0.9000000357627869,0.8820512890815735,390.0,0.03741391748189926,0.04828784614801407,0.4867858290672302,0.7770999670028687,0.8102564215660095,0.0,390.0
attention_no_saturation,46,AN29,False,380073,152,11.9,0.05600031092762947,0.07402119785547256,-0.01791071891784668,0.879967212677002,0.8641026020050049,0.7948718070983887,390.0,0.043065086007118225,0.05828596651554108,0.36886024475097656,0.7556945085525513,0.6794872283935547,0.0,390.0
attention_no_saturation,46,AN30,False,380073,175,13.4,0.021126380190253258,0.029106760397553444,0.7926963567733765,0.9262286424636841,0.8333333730697632,0.8897436261177063,390.0,0.03594708442687988,0.04576510936021805,0.4875067472457886,0.7606310248374939,0.7923077344894409,0.0,390.0
attention_no_saturation,46,AN31,False,380073,214,16.1,0.024675903841853142,0.030759066343307495,0.9379344582557678,0.9756639003753662,0.9615384936332703,0.8641026020050049,390.0,0.09571103006601334,0.13214997947216034,-0.14561426639556885,0.6806185245513916,0.9256410598754883,0.0,390.0
attention_no_saturation,46,AN32,False,380073,193,14.6,0.017404260113835335,0.0219732653349638,0.8987807035446167,0.9498654007911682,0.9230769276618958,0.920512855052948,390.0,0.04212597757577896,0.056466296315193176,0.33157479763031006,0.694423496723175,0.7358974814414978,0.0,390.0
attention_no_saturation,46,AN33,False,380073,115,9.4,0.07372401654720306,0.09859872609376907,0.09863138198852539,0.8488587141036987,0.892307698726654,0.812820553779602,390.0,0.03755120560526848,0.0489724837243557,0.7776362299919128,0.8923444151878357,0.6820513010025024,0.0,390.0
attention_no_saturation,46,AN34,False,380073,105,8.6,0.026845986023545265,0.033247075974941254,0.9125869274139404,0.9708135724067688,0.964102566242218,0.8384615778923035,390.0,0.09287919849157333,0.12548065185546875,-0.245153546333313,0.5838490724563599,0.9179487228393555,0.0,390.0
attention_no_saturation,46,AN35,False,380073,150,11.7,0.02955774776637554,0.04089045524597168,0.8829821944236755,0.9592974781990051,0.9307692646980286,0.9307692646980286,390.0,0.10187828540802002,0.13658151030540466,-0.3055450916290283,0.630775511264801,0.8666666746139526,0.0,390.0
attention_no_saturation,46,AN36,False,380073,211,15.8,0.0553131103515625,0.07488644868135452,0.7332077026367188,0.9587970972061157,0.9102564454078674,0.8435897827148438,390.0,0.08691771328449249,0.12324360013008118,0.2774040699005127,0.8097381591796875,0.920512855052948,0.0,390.0
attention_no_saturation,46,AN37,False,380073,107,8.7,0.012712638825178146,0.01812206767499447,0.9546205401420593,0.9776856899261475,0.9000000357627869,0.7179487347602844,390.0,0.022658901289105415,0.038611672818660736,0.793993353843689,0.9143104553222656,0.8384615778923035,0.0,390.0
attention_no_saturation,46,AN38,False,380073,183,13.9,0.03912948817014694,0.05748935788869858,0.6073533296585083,0.8721354007720947,0.9461538791656494,0.8461538553237915,390.0,0.061323873698711395,0.09047810733318329,0.027445316314697266,0.5515920519828796,0.8589743971824646,0.0,390.0
attention_no_saturation,46,AN41,False,380073,176,13.5,0.041790712624788284,0.06431303173303604,0.4347284436225891,0.7821598052978516,0.920512855052948,0.7333333492279053,390.0,0.049811940640211105,0.07342291623353958,0.26324617862701416,0.6394153237342834,0.8769230842590332,0.0,390.0
attention_no_saturation,46,AN42,False,380073,121,9.7,0.015260670334100723,0.019990824162960052,0.9500640630722046,0.9785860776901245,0.8743590116500854,0.6487179398536682,390.0,0.02173314057290554,0.036288704723119736,0.8354512453079224,0.9247941374778748,0.7794871926307678,0.0,390.0
attention_no_saturation,46,AN43,False,380073,216,16.1,0.016465751454234123,0.025123922154307365,0.8563559055328369,0.9449597597122192,0.928205132484436,0.9128205180168152,390.0,0.03554243966937065,0.04720228537917137,0.4929637908935547,0.7575814723968506,0.8282051682472229,0.0,390.0
attention_no_saturation,46,AN44,False,380073,226,16.8,0.023503407835960388,0.02993454597890377,0.8900611400604248,0.9686313271522522,0.9589743614196777,0.928205132484436,390.0,0.06446009874343872,0.0883944109082222,0.041360437870025635,0.6747174263000488,0.8076923489570618,0.0,390.0
attention_no_saturation,46,AN45,False,380073,213,16.0,0.031762052327394485,0.03875325992703438,0.879780113697052,0.9678204655647278,0.9102564454078674,0.8256410360336304,390.0,0.09461848437786102,0.13030333817005157,-0.35916101932525635,0.5553541779518127,0.8666666746139526,0.0,390.0
attention_no_saturation,46,AN46,False,380073,110,9.0,0.026866337284445763,0.03804343193769455,0.7190333604812622,0.897522509098053,0.8641026020050049,0.7153846621513367,390.0,0.023226652294397354,0.03812740370631218,0.7177916765213013,0.8773975968360901,0.8282051682472229,0.0,390.0
attention_no_saturation,46,AN47,False,380073,111,9.0,0.020858006551861763,0.02794557251036167,0.8686609864234924,0.9398669600486755,0.8230769634246826,0.5948718190193176,390.0,0.02479369007050991,0.041987814009189606,0.7035071849822998,0.8619070649147034,0.7307692766189575,0.0,390.0
attention_no_saturation,46,AN48,False,380073,179,13.6,0.043581679463386536,0.06663212180137634,0.5126290321350098,0.8256509900093079,0.9102564454078674,0.7435897588729858,390.0,0.052349481731653214,0.07696951925754547,0.34967589378356934,0.7082787752151489,0.9128205180168152,0.0,390.0
attention_no_saturation,46,AN49,False,380073,79,6.8,0.0220657791942358,0.030869146808981895,0.7693772315979004,0.9223129749298096,0.7974359393119812,0.7589743733406067,390.0,0.02139812521636486,0.037926383316516876,0.6518745422363281,0.8354940414428711,0.7179487347602844,0.0,390.0
attention_no_saturation,46,AN50,False,380073,227,17.0,0.012667077593505383,0.017149668186903,0.9477065801620483,0.9738519787788391,0.9128205180168152,0.6769230961799622,390.0,0.02101154439151287,0.0362025648355484,0.7669685482978821,0.8911349773406982,0.812820553779602,0.0,390.0
attention_no_saturation,46,AN51,False,380073,200,15.2,0.016462385654449463,0.02475733868777752,0.8582331538200378,0.9356145262718201,0.9487179517745972,0.8641026020050049,390.0,0.04207058623433113,0.062049269676208496,0.10948735475540161,0.5339223742485046,0.9102564454078674,0.0,390.0
attention_no_saturation,46,AN52,False,380073,200,15.1,0.05175289511680603,0.08085733652114868,0.39262521266937256,0.7770598530769348,0.8692308068275452,0.6282051205635071,390.0,0.05569162964820862,0.08127719163894653,0.38630127906799316,0.7298445105552673,0.9000000357627869,0.0,390.0
attention_no_saturation,46,AN53,False,380073,180,13.7,0.028789054602384567,0.03639253228902817,0.8731446266174316,0.956039309501648,0.9589743614196777,0.8410256505012512,390.0,0.07413025945425034,0.0999029278755188,0.04403775930404663,0.7084447145462036,0.9307692646980286,0.0,390.0
attention_no_saturation,46,AN54,False,380073,186,14.1,0.02419385500252247,0.036537472158670425,0.7960396409034729,0.9274860620498657,0.8743590116500854,0.8230769634246826,390.0,0.03311216086149216,0.04519224539399147,0.6879698038101196,0.8465177416801453,0.884615421295166,0.0,390.0
attention_no_saturation,46,AN55,False,380073,266,19.6,0.027986032888293266,0.04787704721093178,0.8035238981246948,0.9250569939613342,0.9461538791656494,0.8384615778923035,390.0,0.05479399859905243,0.08724340796470642,0.3475903868675232,0.6906450986862183,0.8743590116500854,0.0,390.0
attention_no_saturation,46,AN57,False,380073,115,9.3,0.028024569153785706,0.04311467707157135,0.763559103012085,0.9129451513290405,0.8076923489570618,0.6974359154701233,390.0,0.03513285517692566,0.05174892768263817,0.6593761444091797,0.8323850631713867,0.7358974814414978,0.0,390.0
attention_no_saturation,46,AN58,False,380073,251,18.6,0.016246987506747246,0.02192344143986702,0.9742064476013184,0.9911820292472839,0.9871795177459717,0.8564102649688721,390.0,0.0650513619184494,0.09373891353607178,0.5284440517425537,0.8658540844917297,0.8256410360336304,0.0,390.0
attention_no_saturation,46,AN59,False,380073,233,17.3,0.00860788393765688,0.011002461425960064,0.9812940955162048,0.9906246662139893,0.9717949032783508,0.7384615540504456,390.0,0.020798824727535248,0.03590729460120201,0.8007655143737793,0.9169149398803711,0.8410256505012512,0.0,390.0
attention_no_saturation,46,AN62,False,380073,188,14.3,0.01868223398923874,0.024365808814764023,0.9745302200317383,0.9903038144111633,0.992307722568512,0.8102564215660095,390.0,0.07884541898965836,0.11175479739904404,0.46420902013778687,0.8759009838104248,0.9000000357627869,0.0,390.0
attention_no_saturation,46,AN63,False,380073,304,22.1,0.02231200598180294,0.028223084285855293,0.9521632194519043,0.9762372970581055,0.9307692646980286,0.8794872164726257,390.0,0.06420966237783432,0.09031052142381668,0.5101877450942993,0.8215481042861938,0.7923077344894409,0.0,390.0
attention_no_saturation,46,AN65,False,380073,352,25.5,0.018726138398051262,0.02381647378206253,0.9731562733650208,0.9929807782173157,0.9538461565971375,0.8538461923599243,390.0,0.07196363061666489,0.10286451131105423,0.4992527365684509,0.8825613856315613,0.8717948794364929,0.0,390.0
attention_no_saturation,46,AN66,False,380073,223,16.6,0.011506318114697933,0.01448364369571209,0.9904908537864685,0.9958391189575195,1.0,0.9256410598754883,390.0,0.06947623938322067,0.09837140142917633,0.5613442659378052,0.8829526901245117,0.9051282405853271,0.0,390.0
attention_no_saturation,46,AN67,False,380073,106,8.6,0.021259620785713196,0.02917230874300003,0.9320459365844727,0.9696323871612549,0.9384615421295166,0.8512820601463318,390.0,0.07979641854763031,0.11070315539836884,0.021425962448120117,0.7045205235481262,0.7461538910865784,0.0,390.0
attention_no_saturation,46,AN68,False,380073,256,18.9,0.014848181046545506,0.0198028814047575,0.9820188283920288,0.9909804463386536,0.9743589758872986,0.8666666746139526,390.0,0.07256140559911728,0.10253696143627167,0.5179170966148376,0.8828951716423035,0.8692308068275452,0.0,390.0
attention_no_saturation,46,AN69,False,380073,227,17.0,0.022221053019165993,0.027927245944738388,0.8844337463378906,0.9740815758705139,0.9384615421295166,0.8538461923599243,390.0,0.04779282584786415,0.0673258826136589,0.3283565640449524,0.7500608563423157,0.884615421295166,0.0,390.0
attention_no_saturation,46,AN70,False,380073,277,20.3,0.009909668937325478,0.013321506790816784,0.9746878743171692,0.9874221086502075,0.9179487228393555,0.7333333492279053,390.0,0.01944071054458618,0.03477714583277702,0.8274916410446167,0.938083827495575,0.8333333730697632,0.0,390.0
attention_no_saturation,46,AN71,True,380073,154,12.0,0.06057598069310188,0.07154857367277145,0.6168605089187622,0.8384105563163757,0.6272189617156982,0.6952663064002991,2028.0,0.08166961371898651,0.0941234901547432,0.3369426131248474,0.7576279640197754,0.5330374836921692,0.0,2028.0
attention_no_saturation,46,RBL1,False,380073,266,19.6,0.01269176322966814,0.016013676300644875,0.9681981205940247,0.9869734644889832,0.8564102649688721,0.6025640964508057,390.0,0.020931610837578773,0.03714262694120407,0.8289133906364441,0.9470303058624268,0.8102564215660095,0.0,390.0
attention_no_saturation,46,RBL101,True,380073,208,15.6,0.01958136074244976,0.031518444418907166,0.8981595039367676,0.9498475193977356,0.9428008198738098,0.7485207319259644,2028.0,0.04768788442015648,0.08238724619150162,0.30415773391723633,0.6875008940696716,0.8831360936164856,0.0,2028.0
attention_no_saturation,46,RBL102,False,380073,145,11.5,0.01008481066673994,0.013254278339445591,0.9776855111122131,0.9889471530914307,0.9435897469520569,0.7506426572799683,390.0,0.01903075911104679,0.031996700912714005,0.869957685470581,0.9507333636283875,0.8743590116500854,0.0,390.0
attention_no_saturation,46,RBL103,True,380073,227,17.0,0.020085137337446213,0.03101394511759281,0.9231254458427429,0.9608978033065796,0.9068047404289246,0.6987179517745972,2028.0,0.0439491793513298,0.0741797536611557,0.5602161884307861,0.8305266499519348,0.892011821269989,0.0,2028.0
attention_no_saturation,46,RBL11,True,380073,208,15.6,0.017873158678412437,0.029292887076735497,0.9168764352798462,0.9587611556053162,0.9304733872413635,0.8668639063835144,2028.0,0.04470333829522133,0.07624229788780212,0.43689197301864624,0.7770991921424866,0.8767258524894714,0.0,2028.0
attention_no_saturation,46,RBL110,True,380073,349,25.2,0.021970726549625397,0.03156094253063202,0.896706223487854,0.9514153003692627,0.8821499347686768,0.7352070808410645,2028.0,0.04100631922483444,0.06550293415784836,0.5550657510757446,0.815022885799408,0.7988165616989136,0.0,2028.0
attention_no_saturation,46,RBL111,True,380073,306,22.4,0.016992617398500443,0.030059397220611572,0.912325382232666,0.9554531574249268,0.918639063835144,0.8570019602775574,2028.0,0.042995624244213104,0.0747719556093216,0.45751112699508667,0.7680412530899048,0.8673570156097412,0.0,2028.0
attention_no_saturation,46,RBL12,True,380073,231,17.2,0.022847969084978104,0.03565871715545654,0.8583681583404541,0.9377621412277222,0.9413214921951294,0.8323471546173096,2028.0,0.039363469928503036,0.06330520659685135,0.5536162853240967,0.8342556357383728,0.8856015801429749,0.0,2028.0
attention_no_saturation,46,RBL159,True,380073,107,8.7,0.04415683448314667,0.05567183718085289,0.6665936708450317,0.8273885250091553,0.8931068778038025,0.5554445385932922,2002.0,0.03542280197143555,0.046558231115341187,0.7668176889419556,0.8975517153739929,0.8306692838668823,0.0,2002.0
attention_no_saturation,46,RBL22,True,380073,177,13.5,0.02234853245317936,0.03688269853591919,0.8770689964294434,0.937889039516449,0.9388560056686401,0.8397436141967773,2028.0,0.04570047929883003,0.07763896137475967,0.45527732372283936,0.7517364621162415,0.8796844482421875,0.0,2028.0
attention_no_saturation,46,RBL391,False,380073,224,16.7,0.015276980586349964,0.020104743540287018,0.9409040808677673,0.9767268896102905,0.8974359035491943,0.5435897707939148,390.0,0.022069230675697327,0.03772972151637077,0.7918732762336731,0.9222732782363892,0.8538461923599243,0.0,390.0
full_gnn,42,AN04,False,255948,129,13.0,0.013242716901004314,0.01837506890296936,0.9645294547080994,0.983338475227356,0.8256410360336304,0.7179487347602844,390.0,0.02233966998755932,0.03592103347182274,0.8644474148750305,0.9588342308998108,0.7974359393119812,0.0,390.0
full_gnn,42,AN07,False,255948,299,27.8,0.02164219133555889,0.03199318051338196,0.8182826042175293,0.9379430413246155,0.9769231081008911,0.892307698726654,390.0,0.04825698211789131,0.07255915552377701,0.06531327962875366,0.499453067779541,0.8717948794364929,0.0,390.0
full_gnn,42,AN08,False,255948,177,17.2,0.01768168807029724,0.025866098701953888,0.8662974834442139,0.9360625147819519,0.920512855052948,0.800000011920929,390.0,0.042234309017658234,0.06288208812475204,0.20980972051620483,0.5777809619903564,0.7666667103767395,0.0,390.0
full_gnn,42,AN09,False,255948,158,15.5,0.010940542444586754,0.013929220847785473,0.9644635915756226,0.9828905463218689,0.8948718309402466,0.7333333492279053,390.0,0.021865902468562126,0.03904681280255318,0.7207514643669128,0.8661206364631653,0.6717948913574219,0.0,390.0
full_gnn,42,AN10,False,255948,130,13.3,0.012942668981850147,0.017325671389698982,0.9640830755233765,0.9856138825416565,0.9256410598754883,0.7769231200218201,390.0,0.024638397619128227,0.03869374841451645,0.8208568096160889,0.9128826856613159,0.8564102649688721,0.0,390.0
full_gnn,42,AN11,False,255948,230,21.9,0.026533614844083786,0.03808300942182541,0.7771559953689575,0.9192601442337036,0.8282051682472229,0.8435897827148438,390.0,0.033684566617012024,0.04877995327115059,0.6343873739242554,0.8127267956733704,0.8153846263885498,0.0,390.0
full_gnn,42,AN18,False,255948,247,23.3,0.009631186723709106,0.012931261211633682,0.9816188812255859,0.9913044571876526,0.9128205180168152,0.8051282167434692,390.0,0.0213072020560503,0.03441827744245529,0.8697828054428101,0.9520304799079895,0.8230769634246826,0.0,390.0
full_gnn,42,AN19,False,255948,133,13.4,0.024737564846873283,0.03321195766329765,0.867154061794281,0.9510166645050049,0.928205132484436,0.7410256862640381,390.0,0.05419232323765755,0.08235189318656921,0.1832175850868225,0.5743292570114136,0.7794871926307678,0.0,390.0
full_gnn,42,AN20,False,255948,134,13.5,0.011809691786766052,0.016315653920173645,0.9715249538421631,0.9857978820800781,0.8820512890815735,0.7128205299377441,390.0,0.0217701755464077,0.03608337789773941,0.8607261180877686,0.9552841782569885,0.8769230842590332,0.0,390.0
full_gnn,42,AN21,False,255948,172,16.9,0.009730221703648567,0.01322843972593546,0.9794723987579346,0.9896867871284485,0.9948718547821045,0.7435897588729858,390.0,0.02019401453435421,0.03345860168337822,0.8686783313751221,0.9461004734039307,0.928205132484436,0.0,390.0
full_gnn,42,AN23,False,255948,153,15.0,0.034244462847709656,0.04421975836157799,0.8313252925872803,0.9614129662513733,0.9692307710647583,0.8871794939041138,390.0,0.09891825169324875,0.13378921151161194,-0.5440431833267212,0.46988314390182495,0.8435897827148438,0.0,390.0
full_gnn,42,AN24,False,255948,180,17.3,0.0203082375228405,0.028776217252016068,0.7487233877182007,0.8936271071434021,0.8820512890815735,0.8769230842590332,390.0,0.037296492606401443,0.04713437333703041,0.325844407081604,0.6648391485214233,0.7025641202926636,0.0,390.0
full_gnn,42,AN25,False,255948,175,17.1,0.017562370747327805,0.024736903607845306,0.8996068239212036,0.9575262069702148,0.9128205180168152,0.7846153974533081,390.0,0.030525119975209236,0.04564906656742096,0.6581171751022339,0.8343436121940613,0.8384615778923035,0.0,390.0
full_gnn,42,AN26,False,255948,156,15.3,0.021503111347556114,0.02856527455151081,0.8080970048904419,0.9479291439056396,0.8410256505012512,0.9307692646980286,390.0,0.03530703857541084,0.04432447999715805,0.5379465818405151,0.7845624089241028,0.7230769395828247,0.0,390.0
full_gnn,42,AN27,False,255948,169,16.4,0.017326457425951958,0.024499285966157913,0.9521105289459229,0.9835529327392578,0.95641028881073,0.892307698726654,390.0,0.06701343506574631,0.0931733250617981,0.30734556913375854,0.7885197997093201,0.800000011920929,0.0,390.0
full_gnn,42,AN28,False,255948,117,11.9,0.017205990850925446,0.02303050272166729,0.883257269859314,0.9406400322914124,0.9076923131942749,0.8769230842590332,390.0,0.03741391748189926,0.04828784614801407,0.4867858290672302,0.7770999670028687,0.8102564215660095,0.0,390.0
full_gnn,42,AN29,False,255948,190,18.4,0.05101311579346657,0.06690482050180435,0.16840416193008423,0.8906446695327759,0.8564102649688721,0.7871795296669006,390.0,0.043065086007118225,0.05828596651554108,0.36886024475097656,0.7556945085525513,0.6794872283935547,0.0,390.0
full_gnn,42,AN30,False,255948,205,19.6,0.01953890360891819,0.026777906343340874,0.8245423436164856,0.9272510409355164,0.8410256505012512,0.8974359035491943,390.0,0.03594708442687988,0.04576510936021805,0.4875067472457886,0.7606310248374939,0.7923077344894409,0.0,390.0
full_gnn,42,AN31,False,255948,157,15.4,0.03143463283777237,0.03903094306588173,0.9000639319419861,0.9742361903190613,0.9615384936332703,0.8769230842590332,390.0,0.09571103006601334,0.13214997947216034,-0.14561426639556885,0.6806185245513916,0.9256410598754883,0.0,390.0
full_gnn,42,AN32,False,255948,130,13.1,0.01947060413658619,0.02465129643678665,0.8726046085357666,0.9348137974739075,0.9230769276618958,0.9051282405853271,390.0,0.04212597757577896,0.056466296315193176,0.33157479763031006,0.694423496723175,0.7358974814414978,0.0,390.0
full_gnn,42,AN33,False,255948,148,14.8,0.06600682437419891,0.08567249029874802,0.3194773197174072,0.871033787727356,0.8589743971824646,0.8076923489570618,390.0,0.03755120560526848,0.0489724837243557,0.7776362299919128,0.8923444151878357,0.6820513010025024,0.0,390.0
full_gnn,42,AN34,False,255948,301,28.1,0.017778808251023293,0.022612569853663445,0.9595639109611511,0.9797959327697754,0.9897436499595642,0.9025641083717346,390.0,0.09287919849157333,0.12548065185546875,-0.245153546333313,0.5838490724563599,0.9179487228393555,0.0,390.0
full_gnn,42,AN35,False,255948,282,26.2,0.03663941100239754,0.04826720058917999,0.8369532227516174,0.9608531594276428,0.928205132484436,0.8794872164726257,390.0,0.10187828540802002,0.13658151030540466,-0.3055450916290283,0.630775511264801,0.8666666746139526,0.0,390.0
full_gnn,42,AN36,False,255948,147,14.6,0.038618315011262894,0.051198266446590424,0.8752968907356262,0.974704921245575,0.9461538791656494,0.8615384697914124,390.0,0.08691771328449249,0.12324360013008118,0.2774040699005127,0.8097381591796875,0.920512855052948,0.0,390.0
full_gnn,42,AN37,False,255948,150,14.8,0.010443491861224174,0.014811857603490353,0.9696846008300781,0.9856945872306824,0.9076923131942749,0.7743589878082275,390.0,0.022658901289105415,0.038611672818660736,0.793993353843689,0.9143104553222656,0.8384615778923035,0.0,390.0
full_gnn,42,AN38,False,255948,173,16.6,0.032077644020318985,0.04618315398693085,0.7466071844100952,0.9215116500854492,0.9692307710647583,0.8820512890815735,390.0,0.061323873698711395,0.09047810733318329,0.027445316314697266,0.5515920519828796,0.8589743971824646,0.0,390.0
full_gnn,42,AN41,False,255948,174,16.9,0.030466578900814056,0.04506532475352287,0.7224481105804443,0.8984166383743286,0.9461538791656494,0.7794871926307678,390.0,0.049811940640211105,0.07342291623353958,0.26324617862701416,0.6394153237342834,0.8769230842590332,0.0,390.0
full_gnn,42,AN42,False,255948,166,16.3,0.011632565408945084,0.014183415099978447,0.9748629927635193,0.9888193607330322,0.9076923131942749,0.6871795058250427,390.0,0.02173314057290554,0.036288704723119736,0.8354512453079224,0.9247941374778748,0.7794871926307678,0.0,390.0
full_gnn,42,AN43,False,255948,250,23.4,0.01633569784462452,0.024228746071457863,0.8664097785949707,0.945539116859436,0.9333333373069763,0.9076923131942749,390.0,0.03554243966937065,0.04720228537917137,0.4929637908935547,0.7575814723968506,0.8282051682472229,0.0,390.0
full_gnn,42,AN44,False,255948,239,22.7,0.016814088448882103,0.02169729210436344,0.942241370677948,0.9792748093605042,0.9743589758872986,0.9333333373069763,390.0,0.06446009874343872,0.0883944109082222,0.041360437870025635,0.6747174263000488,0.8076923489570618,0.0,390.0
full_gnn,42,AN45,False,255948,179,17.4,0.03288345783948898,0.04165293648838997,0.861116349697113,0.96996009349823,0.9179487228393555,0.8615384697914124,390.0,0.09461848437786102,0.13030333817005157,-0.35916101932525635,0.5553541779518127,0.8666666746139526,0.0,390.0
full_gnn,42,AN46,False,255948,154,15.3,0.02063041925430298,0.029383866116404533,0.8323848843574524,0.9336773157119751,0.8615384697914124,0.7230769395828247,390.0,0.023226652294397354,0.03812740370631218,0.7177916765213013,0.8773975968360901,0.8282051682472229,0.0,390.0
full_gnn,42,AN47,False,255948,248,23.5,0.01667470671236515,0.02187122032046318,0.9195522665977478,0.9631186127662659,0.8256410360336304,0.6410256624221802,390.0,0.02479369007050991,0.041987814009189606,0.7035071849822998,0.8619070649147034,0.7307692766189575,0.0,390.0
full_gnn,42,AN48,False,255948,255,24.0,0.031262364238500595,0.045917853713035583,0.7685508728027344,0.9232352375984192,0.9333333373069763,0.7871795296669006,390.0,0.052349481731653214,0.07696951925754547,0.34967589378356934,0.7082787752151489,0.9128205180168152,0.0,390.0
full_gnn,42,AN49,False,255948,172,16.8,0.012944570742547512,0.017030447721481323,0.9298051595687866,0.9743323922157288,0.7948718070983887,0.7974359393119812,390.0,0.02139812521636486,0.037926383316516876,0.6518745422363281,0.8354940414428711,0.7179487347602844,0.0,390.0
full_gnn,42,AN50,False,255948,338,31.0,0.011425833217799664,0.014909384772181511,0.9604765176773071,0.9804826974868774,0.9102564454078674,0.7307692766189575,390.0,0.02101154439151287,0.0362025648355484,0.7669685482978821,0.8911349773406982,0.812820553779602,0.0,390.0
full_gnn,42,AN51,False,255948,165,16.2,0.01820872351527214,0.027433596551418304,0.825926661491394,0.9303153157234192,0.9435897469520569,0.8615384697914124,390.0,0.04207058623433113,0.062049269676208496,0.10948735475540161,0.5339223742485046,0.9102564454078674,0.0,390.0
full_gnn,42,AN52,False,255948,119,12.2,0.04702087864279747,0.073967345058918,0.4917259216308594,0.8256046175956726,0.9487179517745972,0.7769231200218201,390.0,0.05569162964820862,0.08127719163894653,0.38630127906799316,0.7298445105552673,0.9000000357627869,0.0,390.0
full_gnn,42,AN53,False,255948,302,28.2,0.03206569701433182,0.04175247624516487,0.8330259919166565,0.9664270877838135,0.9512820839881897,0.8974359035491943,390.0,0.07413025945425034,0.0999029278755188,0.04403775930404663,0.7084447145462036,0.9307692646980286,0.0,390.0
full_gnn,42,AN54,False,255948,126,12.9,0.01610187441110611,0.024314912036061287,0.9096736907958984,0.9579222202301025,0.9000000357627869,0.7974359393119812,390.0,0.03311216086149216,0.04519224539399147,0.6879698038101196,0.8465177416801453,0.884615421295166,0.0,390.0
full_gnn,42,AN55,False,255948,118,12.0,0.03724711015820503,0.06162743642926216,0.674460768699646,0.871516227722168,0.9153846502304077,0.8076923489570618,390.0,0.05479399859905243,0.08724340796470642,0.3475903868675232,0.6906450986862183,0.8743590116500854,0.0,390.0
full_gnn,42,AN57,False,255948,248,23.4,0.017874471843242645,0.0269137155264616,0.9078660607337952,0.9530402421951294,0.8820512890815735,0.7820513248443604,390.0,0.03513285517692566,0.05174892768263817,0.6593761444091797,0.8323850631713867,0.7358974814414978,0.0,390.0
full_gnn,42,AN58,False,255948,327,30.0,0.014332335442304611,0.019278544932603836,0.9800546169281006,0.9930874705314636,0.9820513129234314,0.8641026020050049,390.0,0.0650513619184494,0.09373891353607178,0.5284440517425537,0.8658540844917297,0.8256410360336304,0.0,390.0
full_gnn,42,AN59,False,255948,147,14.7,0.009951580315828323,0.012407466769218445,0.9762116074562073,0.9881376624107361,0.9512820839881897,0.728205144405365,390.0,0.020798824727535248,0.03590729460120201,0.8007655143737793,0.9169149398803711,0.8410256505012512,0.0,390.0
full_gnn,42,AN62,False,255948,206,19.8,0.01949623040854931,0.025639239698648453,0.9717984199523926,0.9897790551185608,0.9897436499595642,0.8025641441345215,390.0,0.07884541898965836,0.11175479739904404,0.46420902013778687,0.8759009838104248,0.9000000357627869,0.0,390.0
full_gnn,42,AN63,False,255948,198,18.8,0.02362070418894291,0.03143446892499924,0.9406576156616211,0.9779316782951355,0.8974359035491943,0.8538461923599243,390.0,0.06420966237783432,0.09031052142381668,0.5101877450942993,0.8215481042861938,0.7923077344894409,0.0,390.0
full_gnn,42,AN65,False,255948,201,19.2,0.015173973515629768,0.02082459256052971,0.9794769883155823,0.992194414138794,0.992307722568512,0.8974359035491943,390.0,0.07196363061666489,0.10286451131105423,0.4992527365684509,0.8825613856315613,0.8717948794364929,0.0,390.0
full_gnn,42,AN66,False,255948,176,17.2,0.010917678475379944,0.013525164686143398,0.9917078018188477,0.996018648147583,0.9974359273910522,0.9307692646980286,390.0,0.06947623938322067,0.09837140142917633,0.5613442659378052,0.8829526901245117,0.9051282405853271,0.0,390.0
full_gnn,42,AN67,False,255948,148,14.7,0.01942431554198265,0.027074838057160378,0.9414663910865784,0.975464940071106,0.9487179517745972,0.8743590116500854,390.0,0.07979641854763031,0.11070315539836884,0.021425962448120117,0.7045205235481262,0.7461538910865784,0.0,390.0
full_gnn,42,AN68,False,255948,238,22.7,0.015839818865060806,0.021045003086328506,0.9796923995018005,0.990045428276062,0.9794871807098389,0.8743590116500854,390.0,0.07256140559911728,0.10253696143627167,0.5179170966148376,0.8828951716423035,0.8692308068275452,0.0,390.0
full_gnn,42,AN69,False,255948,141,14.1,0.026905251666903496,0.03347420319914818,0.8339666724205017,0.9704369306564331,0.9410256743431091,0.8384615778923035,390.0,0.04779282584786415,0.0673258826136589,0.3283565640449524,0.7500608563423157,0.884615421295166,0.0,390.0
full_gnn,42,AN70,False,255948,233,22.1,0.008825516328215599,0.01178574189543724,0.9801876544952393,0.9900895357131958,0.9179487228393555,0.7256410717964172,390.0,0.01944071054458618,0.03477714583277702,0.8274916410446167,0.938083827495575,0.8333333730697632,0.0,390.0
full_gnn,42,AN71,True,255948,166,16.1,0.05906271934509277,0.07083149254322052,0.6245018243789673,0.8382258415222168,0.6385601758956909,0.8017751574516296,2028.0,0.08166961371898651,0.0941234901547432,0.3369426131248474,0.7576279640197754,0.5330374836921692,0.0,2028.0
full_gnn,42,RBL1,False,255948,162,16.0,0.018045926466584206,0.024193458259105682,0.927411675453186,0.9737045168876648,0.8282051682472229,0.5435897707939148,390.0,0.020931610837578773,0.03714262694120407,0.8289133906364441,0.9470303058624268,0.8102564215660095,0.0,390.0
full_gnn,42,RBL101,True,255948,166,16.3,0.02160230092704296,0.03496396169066429,0.8746765851974487,0.9373303651809692,0.9383629560470581,0.7504931092262268,2028.0,0.04768788442015648,0.08238724619150162,0.30415773391723633,0.6875008940696716,0.8831360936164856,0.0,2028.0
full_gnn,42,RBL102,False,255948,261,24.3,0.008318710140883923,0.011089444160461426,0.9843795299530029,0.9924002885818481,0.964102566242218,0.7969151735305786,390.0,0.01903075911104679,0.031996700912714005,0.869957685470581,0.9507333636283875,0.8743590116500854,0.0,390.0
full_gnn,42,RBL103,True,255948,172,17.0,0.02327209711074829,0.035464100539684296,0.8994814157485962,0.9491019248962402,0.9053254723548889,0.6814595460891724,2028.0,0.0439491793513298,0.0741797536611557,0.5602161884307861,0.8305266499519348,0.892011821269989,0.0,2028.0
full_gnn,42,RBL11,True,255948,194,18.7,0.018265940248966217,0.029912641271948814,0.9133219122886658,0.9565904140472412,0.9319526553153992,0.8870809078216553,2028.0,0.04470333829522133,0.07624229788780212,0.43689197301864624,0.7770991921424866,0.8767258524894714,0.0,2028.0
full_gnn,42,RBL110,True,255948,191,18.4,0.022867055609822273,0.033695630729198456,0.8822606801986694,0.9413102269172668,0.8752465844154358,0.7273175716400146,2028.0,0.04100631922483444,0.06550293415784836,0.5550657510757446,0.815022885799408,0.7988165616989136,0.0,2028.0
full_gnn,42,RBL111,True,255948,286,26.4,0.017358625307679176,0.03139970079064369,0.9043325185775757,0.9510347247123718,0.9240631461143494,0.8540434241294861,2028.0,0.042995624244213104,0.0747719556093216,0.45751112699508667,0.7680412530899048,0.8673570156097412,0.0,2028.0
full_gnn,42,RBL12,True,255948,287,26.8,0.022924302145838737,0.03549743443727493,0.8596464395523071,0.9387164115905762,0.9329388737678528,0.8047337532043457,2028.0,0.039363469928503036,0.06330520659685135,0.5536162853240967,0.8342556357383728,0.8856015801429749,0.0,2028.0
full_gnn,42,RBL159,True,255948,136,13.8,0.041430212557315826,0.05696279555559158,0.6509518623352051,0.8577937483787537,0.9085913896560669,0.7297701835632324,2002.0,0.03542280197143555,0.046558231115341187,0.7668176889419556,0.8975517153739929,0.8306692838668823,0.0,2002.0
full_gnn,42,RBL22,True,255948,271,25.5,0.020940693095326424,0.036153052002191544,0.881884753704071,0.9403861165046692,0.9339250326156616,0.8264299631118774,2028.0,0.04570047929883003,0.07763896137475967,0.45527732372283936,0.7517364621162415,0.8796844482421875,0.0,2028.0
full_gnn,42,RBL391,False,255948,63,7.3,0.025326212868094444,0.035430993884801865,0.816461443901062,0.9303163886070251,0.8974359035491943,0.5256410241127014,390.0,0.022069230675697327,0.03772972151637077,0.7918732762336731,0.9222732782363892,0.8538461923599243,0.0,390.0
full_gnn,43,AN04,False,255948,149,14.8,0.012653879821300507,0.017467139288783073,0.9679480791091919,0.9846564531326294,0.8743590116500854,0.7000000476837158,390.0,0.02233966998755932,0.03592103347182274,0.8644474148750305,0.9588342308998108,0.7974359393119812,0.0,390.0
full_gnn,43,AN07,False,255948,180,17.3,0.022930433973670006,0.030911125242710114,0.8303666114807129,0.9465963840484619,0.9512820839881897,0.8538461923599243,390.0,0.04825698211789131,0.07255915552377701,0.06531327962875366,0.499453067779541,0.8717948794364929,0.0,390.0
full_gnn,43,AN08,False,255948,157,15.5,0.01882612332701683,0.029029760509729385,0.8315912485122681,0.9230795502662659,0.8692308068275452,0.8102564215660095,390.0,0.042234309017658234,0.06288208812475204,0.20980972051620483,0.5777809619903564,0.7666667103767395,0.0,390.0
full_gnn,43,AN09,False,255948,118,11.9,0.010971397161483765,0.0137040875852108,0.9656030535697937,0.9846038222312927,0.9051282405853271,0.7179487347602844,390.0,0.021865902468562126,0.03904681280255318,0.7207514643669128,0.8661206364631653,0.6717948913574219,0.0,390.0
full_gnn,43,AN10,False,255948,147,14.5,0.012567740865051746,0.017690423876047134,0.9625548720359802,0.9861438274383545,0.9410256743431091,0.7717949151992798,390.0,0.024638397619128227,0.03869374841451645,0.8208568096160889,0.9128826856613159,0.8564102649688721,0.0,390.0
full_gnn,43,AN11,False,255948,158,15.5,0.017286572605371475,0.024619847536087036,0.9068658351898193,0.953904926776886,0.8692308068275452,0.8435897827148438,390.0,0.033684566617012024,0.04877995327115059,0.6343873739242554,0.8127267956733704,0.8153846263885498,0.0,390.0
full_gnn,43,AN18,False,255948,187,18.1,0.010768860578536987,0.014152506366372108,0.9779830574989319,0.9896458387374878,0.8897436261177063,0.7589743733406067,390.0,0.0213072020560503,0.03441827744245529,0.8697828054428101,0.9520304799079895,0.8230769634246826,0.0,390.0
full_gnn,43,AN19,False,255948,231,21.9,0.0229630209505558,0.029495859518647194,0.8952192664146423,0.9593015909194946,0.9307692646980286,0.7564103007316589,390.0,0.05419232323765755,0.08235189318656921,0.1832175850868225,0.5743292570114136,0.7794871926307678,0.0,390.0
full_gnn,43,AN20,False,255948,163,16.0,0.011168115772306919,0.015574570745229721,0.9740529656410217,0.9873459339141846,0.9051282405853271,0.7179487347602844,390.0,0.0217701755464077,0.03608337789773941,0.8607261180877686,0.9552841782569885,0.8769230842590332,0.0,390.0
full_gnn,43,AN21,False,255948,146,14.4,0.010642149485647678,0.01399802416563034,0.9770144820213318,0.9886985421180725,0.9948718547821045,0.7025641202926636,390.0,0.02019401453435421,0.03345860168337822,0.8686783313751221,0.9461004734039307,0.928205132484436,0.0,390.0
full_gnn,43,AN23,False,255948,196,18.8,0.02475707232952118,0.03242591768503189,0.9093011617660522,0.9703786969184875,0.9794871807098389,0.9435897469520569,390.0,0.09891825169324875,0.13378921151161194,-0.5440431833267212,0.46988314390182495,0.8435897827148438,0.0,390.0
full_gnn,43,AN24,False,255948,176,17.0,0.023989243432879448,0.03388233482837677,0.6516375541687012,0.8719313144683838,0.8769230842590332,0.8820512890815735,390.0,0.037296492606401443,0.04713437333703041,0.325844407081604,0.6648391485214233,0.7025641202926636,0.0,390.0
full_gnn,43,AN25,False,255948,138,13.8,0.013905737549066544,0.019030733034014702,0.9405810832977295,0.971878170967102,0.9128205180168152,0.848717987537384,390.0,0.030525119975209236,0.04564906656742096,0.6581171751022339,0.8343436121940613,0.8384615778923035,0.0,390.0
full_gnn,43,AN26,False,255948,253,23.8,0.01984124444425106,0.026822879910469055,0.8307939767837524,0.9466475248336792,0.8435897827148438,0.928205132484436,390.0,0.03530703857541084,0.04432447999715805,0.5379465818405151,0.7845624089241028,0.7230769395828247,0.0,390.0
full_gnn,43,AN27,False,255948,233,22.0,0.018952995538711548,0.0255975890904665,0.947720468044281,0.9824435710906982,0.95641028881073,0.892307698726654,390.0,0.06701343506574631,0.0931733250617981,0.30734556913375854,0.7885197997093201,0.800000011920929,0.0,390.0
full_gnn,43,AN28,False,255948,165,16.2,0.018084902316331863,0.023370862007141113,0.879781186580658,0.9403676390647888,0.9051282405853271,0.8743590116500854,390.0,0.03741391748189926,0.04828784614801407,0.4867858290672302,0.7770999670028687,0.8102564215660095,0.0,390.0
full_gnn,43,AN29,False,255948,160,15.8,0.05105496197938919,0.06622279435396194,0.185272216796875,0.8889907598495483,0.8538461923599243,0.7717949151992798,390.0,0.043065086007118225,0.05828596651554108,0.36886024475097656,0.7556945085525513,0.6794872283935547,0.0,390.0
full_gnn,43,AN30,False,255948,160,15.8,0.0226699598133564,0.031680427491664886,0.7544153928756714,0.9091304540634155,0.8384615778923035,0.8897436261177063,390.0,0.03594708442687988,0.04576510936021805,0.4875067472457886,0.7606310248374939,0.7923077344894409,0.0,390.0
full_gnn,43,AN31,False,255948,154,15.3,0.03163318336009979,0.03916393592953682,0.899381697177887,0.9736206531524658,0.9666666984558105,0.8897436261177063,390.0,0.09571103006601334,0.13214997947216034,-0.14561426639556885,0.6806185245513916,0.9256410598754883,0.0,390.0
full_gnn,43,AN32,False,255948,147,14.6,0.01948828622698784,0.025526409968733788,0.8633990287780762,0.9370860457420349,0.9153846502304077,0.8948718309402466,390.0,0.04212597757577896,0.056466296315193176,0.33157479763031006,0.694423496723175,0.7358974814414978,0.0,390.0
full_gnn,43,AN33,False,255948,152,15.0,0.05854954943060875,0.07651935517787933,0.4571218490600586,0.8861746788024902,0.8820512890815735,0.8153846263885498,390.0,0.03755120560526848,0.0489724837243557,0.7776362299919128,0.8923444151878357,0.6820513010025024,0.0,390.0
full_gnn,43,AN34,False,255948,193,18.4,0.019224341958761215,0.023710131645202637,0.9555432796478271,0.9802286624908447,0.9897436499595642,0.8974359035491943,390.0,0.09287919849157333,0.12548065185546875,-0.245153546333313,0.5838490724563599,0.9179487228393555,0.0,390.0
full_gnn,43,AN35,False,255948,184,17.8,0.034725021570920944,0.04598837345838547,0.8519855737686157,0.9639832973480225,0.9333333373069763,0.9307692646980286,390.0,0.10187828540802002,0.13658151030540466,-0.3055450916290283,0.630775511264801,0.8666666746139526,0.0,390.0
full_gnn,43,AN36,False,255948,185,17.8,0.06315635144710541,0.08618882298469543,0.6465983390808105,0.9405102729797363,0.8871794939041138,0.8179487586021423,390.0,0.08691771328449249,0.12324360013008118,0.2774040699005127,0.8097381591796875,0.920512855052948,0.0,390.0
full_gnn,43,AN37,False,255948,110,11.5,0.011978143826127052,0.01583588309586048,0.9653480052947998,0.984343409538269,0.9076923131942749,0.7435897588729858,390.0,0.022658901289105415,0.038611672818660736,0.793993353843689,0.9143104553222656,0.8384615778923035,0.0,390.0
full_gnn,43,AN38,False,255948,201,19.2,0.03194611147046089,0.045881155878305435,0.749910295009613,0.9161027669906616,0.9717949032783508,0.8743590116500854,390.0,0.061323873698711395,0.09047810733318329,0.027445316314697266,0.5515920519828796,0.8589743971824646,0.0,390.0
full_gnn,43,AN41,False,255948,102,10.9,0.03140922635793686,0.04636639356613159,0.7061905264854431,0.8961633443832397,0.9435897469520569,0.8025641441345215,390.0,0.049811940640211105,0.07342291623353958,0.26324617862701416,0.6394153237342834,0.8769230842590332,0.0,390.0
full_gnn,43,AN42,False,255948,186,17.7,0.013687953352928162,0.016783494502305984,0.9648021459579468,0.9845221638679504,0.8794872164726257,0.6512820720672607,390.0,0.02173314057290554,0.036288704723119736,0.8354512453079224,0.9247941374778748,0.7794871926307678,0.0,390.0
full_gnn,43,AN43,False,255948,126,12.8,0.0200244951993227,0.029628640040755272,0.8002272248268127,0.9282339811325073,0.920512855052948,0.8820512890815735,390.0,0.03554243966937065,0.04720228537917137,0.4929637908935547,0.7575814723968506,0.8282051682472229,0.0,390.0
full_gnn,43,AN44,False,255948,270,25.0,0.029862195253372192,0.038625914603471756,0.8169527053833008,0.9607869982719421,0.9461538791656494,0.920512855052948,390.0,0.06446009874343872,0.0883944109082222,0.041360437870025635,0.6747174263000488,0.8076923489570618,0.0,390.0
full_gnn,43,AN45,False,255948,166,16.0,0.03438793495297432,0.043681882321834564,0.847256600856781,0.9679321646690369,0.9384615421295166,0.8666666746139526,390.0,0.09461848437786102,0.13030333817005157,-0.35916101932525635,0.5553541779518127,0.8666666746139526,0.0,390.0
full_gnn,43,AN46,False,255948,87,9.4,0.022715764120221138,0.03140627220273018,0.8085179328918457,0.9205259084701538,0.8666666746139526,0.7230769395828247,390.0,0.023226652294397354,0.03812740370631218,0.7177916765213013,0.8773975968360901,0.8282051682472229,0.0,390.0
full_gnn,43,AN47,False,255948,104,11.2,0.02044164203107357,0.02678719349205494,0.8793236613273621,0.9462886452674866,0.8205128312110901,0.5923076868057251,390.0,0.02479369007050991,0.041987814009189606,0.7035071849822998,0.8619070649147034,0.7307692766189575,0.0,390.0
full_gnn,43,AN48,False,255948,184,17.8,0.03587425872683525,0.053906988352537155,0.6810060739517212,0.8916078805923462,0.9307692646980286,0.7794871926307678,390.0,0.052349481731653214,0.07696951925754547,0.34967589378356934,0.7082787752151489,0.9128205180168152,0.0,390.0
full_gnn,43,AN49,False,255948,147,14.6,0.01821775920689106,0.025562508031725883,0.8418533802032471,0.9432934522628784,0.8153846263885498,0.764102578163147,390.0,0.02139812521636486,0.037926383316516876,0.6518745422363281,0.8354940414428711,0.7179487347602844,0.0,390.0
full_gnn,43,AN50,False,255948,240,22.7,0.011554831638932228,0.014734871685504913,0.961396336555481,0.9806516170501709,0.8820512890815735,0.7435897588729858,390.0,0.02101154439151287,0.0362025648355484,0.7669685482978821,0.8911349773406982,0.812820553779602,0.0,390.0
full_gnn,43,AN51,False,255948,293,27.2,0.018666263669729233,0.02854827605187893,0.8114933967590332,0.9165278077125549,0.9256410598754883,0.8743590116500854,390.0,0.04207058623433113,0.062049269676208496,0.10948735475540161,0.5339223742485046,0.9102564454078674,0.0,390.0
full_gnn,43,AN52,False,255948,184,17.7,0.047943755984306335,0.07529725879430771,0.47328436374664307,0.8110124468803406,0.9051282405853271,0.7102564573287964,390.0,0.05569162964820862,0.08127719163894653,0.38630127906799316,0.7298445105552673,0.9000000357627869,0.0,390.0
full_gnn,43,AN53,False,255948,106,11.0,0.018424756824970245,0.02595708891749382,0.9354648590087891,0.9674380421638489,0.9538461565971375,0.8743590116500854,390.0,0.07413025945425034,0.0999029278755188,0.04403775930404663,0.7084447145462036,0.9307692646980286,0.0,390.0
full_gnn,43,AN54,False,255948,185,17.8,0.022510312497615814,0.0338851660490036,0.8245764374732971,0.9331589937210083,0.8794872164726257,0.8179487586021423,390.0,0.03311216086149216,0.04519224539399147,0.6879698038101196,0.8465177416801453,0.884615421295166,0.0,390.0
full_gnn,43,AN55,False,255948,87,9.5,0.03628887981176376,0.05860020965337753,0.7056572437286377,0.8813897967338562,0.928205132484436,0.8051282167434692,390.0,0.05479399859905243,0.08724340796470642,0.3475903868675232,0.6906450986862183,0.8743590116500854,0.0,390.0
full_gnn,43,AN57,False,255948,96,10.3,0.026618238538503647,0.04399379715323448,0.7538186311721802,0.899229109287262,0.8179487586021423,0.8153846263885498,390.0,0.03513285517692566,0.05174892768263817,0.6593761444091797,0.8323850631713867,0.7358974814414978,0.0,390.0
full_gnn,43,AN58,False,255948,104,10.8,0.017188891768455505,0.023694535717368126,0.9698706269264221,0.9869268536567688,0.964102566242218,0.8461538553237915,390.0,0.0650513619184494,0.09373891353607178,0.5284440517425537,0.8658540844917297,0.8256410360336304,0.0,390.0
full_gnn,43,AN59,False,255948,234,22.1,0.009979045018553734,0.012453560717403889,0.9760345220565796,0.9885320663452148,0.9410256743431091,0.720512866973877,390.0,0.020798824727535248,0.03590729460120201,0.8007655143737793,0.9169149398803711,0.8410256505012512,0.0,390.0
full_gnn,43,AN62,False,255948,105,11.0,0.021563099697232246,0.02696349285542965,0.9688100218772888,0.9879910349845886,0.9897436499595642,0.7717949151992798,390.0,0.07884541898965836,0.11175479739904404,0.46420902013778687,0.8759009838104248,0.9000000357627869,0.0,390.0
full_gnn,43,AN63,False,255948,192,18.6,0.022643448784947395,0.029416656121611595,0.9480316042900085,0.9770193696022034,0.8948718309402466,0.8461538553237915,390.0,0.06420966237783432,0.09031052142381668,0.5101877450942993,0.8215481042861938,0.7923077344894409,0.0,390.0
full_gnn,43,AN65,False,255948,186,17.9,0.01593637838959694,0.02188052050769329,0.977342963218689,0.9918073415756226,0.9948718547821045,0.9230769276618958,390.0,0.07196363061666489,0.10286451131105423,0.4992527365684509,0.8825613856315613,0.8717948794364929,0.0,390.0
full_gnn,43,AN66,False,255948,87,9.4,0.012552659958600998,0.01604205183684826,0.9883344173431396,0.994427502155304,0.9897436499595642,0.9230769276618958,390.0,0.06947623938322067,0.09837140142917633,0.5613442659378052,0.8829526901245117,0.9051282405853271,0.0,390.0
full_gnn,43,AN67,False,255948,251,23.7,0.017512986436486244,0.02384348027408123,0.9546045064926147,0.9778158664703369,0.9487179517745972,0.8692308068275452,390.0,0.07979641854763031,0.11070315539836884,0.021425962448120117,0.7045205235481262,0.7461538910865784,0.0,390.0
full_gnn,43,AN68,False,255948,112,11.6,0.017668724060058594,0.02315317653119564,0.9754199981689453,0.989010214805603,0.9589743614196777,0.8666666746139526,390.0,0.07256140559911728,0.10253696143627167,0.5179170966148376,0.8828951716423035,0.8692308068275452,0.0,390.0
full_gnn,43,AN69,False,255948,145,14.5,0.023061787709593773,0.028624923899769783,0.8785874843597412,0.9727828502655029,0.9358974695205688,0.8333333730697632,390.0,0.04779282584786415,0.0673258826136589,0.3283565640449524,0.7500608563423157,0.884615421295166,0.0,390.0
full_gnn,43,AN70,False,255948,213,20.3,0.008939127437770367,0.012024900875985622,0.979375422000885,0.9897564053535461,0.9102564454078674,0.7487179636955261,390.0,0.01944071054458618,0.03477714583277702,0.8274916410446167,0.938083827495575,0.8333333730697632,0.0,390.0
full_gnn,43,AN71,True,255948,278,25.9,0.056120872497558594,0.06940191984176636,0.6395060420036316,0.8387109637260437,0.7697238922119141,0.9314596056938171,2028.0,0.08166961371898651,0.0941234901547432,0.3369426131248474,0.7576279640197754,0.5330374836921692,0.0,2028.0
full_gnn,43,RBL1,False,255948,290,26.8,0.011169206351041794,0.014049281366169453,0.9755218029022217,0.9896330237388611,0.8564102649688721,0.620512843132019,390.0,0.020931610837578773,0.03714262694120407,0.8289133906364441,0.9470303058624268,0.8102564215660095,0.0,390.0
full_gnn,43,RBL101,True,255948,215,20.4,0.019367119297385216,0.030489623546600342,0.9046995639801025,0.9521408081054688,0.9393491148948669,0.7352070808410645,2028.0,0.04768788442015648,0.08238724619150162,0.30415773391723633,0.6875008940696716,0.8831360936164856,0.0,2028.0
full_gnn,43,RBL102,False,255948,150,15.0,0.009687806479632854,0.01266295462846756,0.9796321988105774,0.9899854063987732,0.9538461565971375,0.7634961605072021,390.0,0.01903075911104679,0.031996700912714005,0.869957685470581,0.9507333636283875,0.8743590116500854,0.0,390.0
full_gnn,43,RBL103,True,255948,339,31.1,0.019941722974181175,0.03071345016360283,0.9246079325675964,0.9616736769676208,0.9077909588813782,0.7011834383010864,2028.0,0.0439491793513298,0.0741797536611557,0.5602161884307861,0.8305266499519348,0.892011821269989,0.0,2028.0
full_gnn,43,RBL11,True,255948,282,26.2,0.018222954124212265,0.029055355116724968,0.9182190895080566,0.9592349529266357,0.9309664964675903,0.8476331233978271,2028.0,0.04470333829522133,0.07624229788780212,0.43689197301864624,0.7770991921424866,0.8767258524894714,0.0,2028.0
full_gnn,43,RBL110,True,255948,79,8.6,0.02401580475270748,0.034566957503557205,0.8760927319526672,0.9366075992584229,0.860946774482727,0.7031558156013489,2028.0,0.04100631922483444,0.06550293415784836,0.5550657510757446,0.815022885799408,0.7988165616989136,0.0,2028.0
full_gnn,43,RBL111,True,255948,263,24.7,0.01760709658265114,0.03128615394234657,0.9050231575965881,0.9513435959815979,0.9265286326408386,0.8496055603027344,2028.0,0.042995624244213104,0.0747719556093216,0.45751112699508667,0.7680412530899048,0.8673570156097412,0.0,2028.0
full_gnn,43,RBL12,True,255948,152,14.9,0.02290407381951809,0.03492219001054764,0.8641585111618042,0.9378215670585632,0.9408284425735474,0.8279092907905579,2028.0,0.039363469928503036,0.06330520659685135,0.5536162853240967,0.8342556357383728,0.8856015801429749,0.0,2028.0
full_gnn,43,RBL159,True,255948,244,23.0,0.0534449964761734,0.0646984726190567,0.5497115254402161,0.7687453031539917,0.910089910030365,0.5699300765991211,2002.0,0.03542280197143555,0.046558231115341187,0.7668176889419556,0.8975517153739929,0.8306692838668823,0.0,2002.0
full_gnn,43,RBL22,True,255948,142,14.3,0.022651325911283493,0.0380454920232296,0.8691955804824829,0.9324283003807068,0.932445764541626,0.8106508851051331,2028.0,0.04570047929883003,0.07763896137475967,0.45527732372283936,0.7517364621162415,0.8796844482421875,0.0,2028.0
full_gnn,43,RBL391,False,255948,175,17.3,0.017936978489160538,0.02465992420911789,0.9110913276672363,0.9663779735565186,0.9000000357627869,0.5384615659713745,390.0,0.022069230675697327,0.03772972151637077,0.7918732762336731,0.9222732782363892,0.8538461923599243,0.0,390.0
full_gnn,44,AN04,False,255948,122,12.3,0.014113585464656353,0.018689008429646492,0.9633070826530457,0.9823245406150818,0.8435897827148438,0.6410256624221802,390.0,0.02233966998755932,0.03592103347182274,0.8644474148750305,0.9588342308998108,0.7974359393119812,0.0,390.0
full_gnn,44,AN07,False,255948,170,16.4,0.02640971541404724,0.03483639657497406,0.7845491766929626,0.9465578198432922,0.9461538791656494,0.8615384697914124,390.0,0.04825698211789131,0.07255915552377701,0.06531327962875366,0.499453067779541,0.8717948794364929,0.0,390.0
full_gnn,44,AN08,False,255948,171,16.6,0.017856581136584282,0.026034856215119362,0.8645471334457397,0.9376420378684998,0.9230769276618958,0.8102564215660095,390.0,0.042234309017658234,0.06288208812475204,0.20980972051620483,0.5777809619903564,0.7666667103767395,0.0,390.0
full_gnn,44,AN09,False,255948,123,12.6,0.01097665075212717,0.013946345075964928,0.9643761515617371,0.9837083220481873,0.8948718309402466,0.6871795058250427,390.0,0.021865902468562126,0.03904681280255318,0.7207514643669128,0.8661206364631653,0.6717948913574219,0.0,390.0
full_gnn,44,AN10,False,255948,275,25.8,0.012743378058075905,0.017904089763760567,0.9616448879241943,0.9859686493873596,0.9358974695205688,0.812820553779602,390.0,0.024638397619128227,0.03869374841451645,0.8208568096160889,0.9128826856613159,0.8564102649688721,0.0,390.0
full_gnn,44,AN11,False,255948,163,16.1,0.015989389270544052,0.02174496091902256,0.9273466467857361,0.9655455946922302,0.9000000357627869,0.8461538553237915,390.0,0.033684566617012024,0.04877995327115059,0.6343873739242554,0.8127267956733704,0.8153846263885498,0.0,390.0
full_gnn,44,AN18,False,255948,167,16.4,0.011299940757453442,0.014823625795543194,0.975845456123352,0.9890804886817932,0.8820512890815735,0.7538461685180664,390.0,0.0213072020560503,0.03441827744245529,0.8697828054428101,0.9520304799079895,0.8230769634246826,0.0,390.0
full_gnn,44,AN19,False,255948,151,14.8,0.024449706077575684,0.03183376044034958,0.8779507279396057,0.9539878368377686,0.9179487228393555,0.7410256862640381,390.0,0.05419232323765755,0.08235189318656921,0.1832175850868225,0.5743292570114136,0.7794871926307678,0.0,390.0
full_gnn,44,AN20,False,255948,169,16.7,0.011597967706620693,0.016359690576791763,0.971371054649353,0.9863221049308777,0.8948718309402466,0.6948718428611755,390.0,0.0217701755464077,0.03608337789773941,0.8607261180877686,0.9552841782569885,0.8769230842590332,0.0,390.0
full_gnn,44,AN21,False,255948,154,15.1,0.012291776947677135,0.016548437997698784,0.967875599861145,0.9847323894500732,1.0,0.6666666865348816,390.0,0.02019401453435421,0.03345860168337822,0.8686783313751221,0.9461004734039307,0.928205132484436,0.0,390.0
full_gnn,44,AN23,False,255948,186,17.9,0.032465480268001556,0.041120920330286026,0.8541377782821655,0.9659712910652161,0.964102566242218,0.9051282405853271,390.0,0.09891825169324875,0.13378921151161194,-0.5440431833267212,0.46988314390182495,0.8435897827148438,0.0,390.0
full_gnn,44,AN24,False,255948,123,12.6,0.021799679845571518,0.03028937429189682,0.7216025590896606,0.8944181203842163,0.8769230842590332,0.8615384697914124,390.0,0.037296492606401443,0.04713437333703041,0.325844407081604,0.6648391485214233,0.7025641202926636,0.0,390.0
full_gnn,44,AN25,False,255948,123,12.5,0.015409613028168678,0.02198944427073002,0.9206691980361938,0.9649149179458618,0.9230769276618958,0.8564102649688721,390.0,0.030525119975209236,0.04564906656742096,0.6581171751022339,0.8343436121940613,0.8384615778923035,0.0,390.0
full_gnn,44,AN26,False,255948,130,13.1,0.021844439208507538,0.029132850468158722,0.8003952503204346,0.9385210871696472,0.8205128312110901,0.9025641083717346,390.0,0.03530703857541084,0.04432447999715805,0.5379465818405151,0.7845624089241028,0.7230769395828247,0.0,390.0
full_gnn,44,AN27,False,255948,152,15.2,0.01654444821178913,0.022677859291434288,0.9589666128158569,0.9837245941162109,0.95641028881073,0.8820512890815735,390.0,0.06701343506574631,0.0931733250617981,0.30734556913375854,0.7885197997093201,0.800000011920929,0.0,390.0
full_gnn,44,AN28,False,255948,164,15.9,0.017772406339645386,0.022403588518500328,0.8895264863967896,0.9438982605934143,0.8974359035491943,0.8769230842590332,390.0,0.03741391748189926,0.04828784614801407,0.4867858290672302,0.7770999670028687,0.8102564215660095,0.0,390.0
full_gnn,44,AN29,False,255948,80,8.8,0.0371297150850296,0.0466257706284523,0.5961226224899292,0.9190575480461121,0.9025641083717346,0.8025641441345215,390.0,0.043065086007118225,0.05828596651554108,0.36886024475097656,0.7556945085525513,0.6794872283935547,0.0,390.0
full_gnn,44,AN30,False,255948,95,10.0,0.025157012045383453,0.034405723214149475,0.7103453874588013,0.9017183780670166,0.8410256505012512,0.8820512890815735,390.0,0.03594708442687988,0.04576510936021805,0.4875067472457886,0.7606310248374939,0.7923077344894409,0.0,390.0
full_gnn,44,AN31,False,255948,172,16.8,0.03337831422686577,0.04101177677512169,0.8896629810333252,0.9734395742416382,0.964102566242218,0.8743590116500854,390.0,0.09571103006601334,0.13214997947216034,-0.14561426639556885,0.6806185245513916,0.9256410598754883,0.0,390.0
full_gnn,44,AN32,False,255948,125,12.7,0.019964683800935745,0.02629777230322361,0.8550186157226562,0.9325191378593445,0.9128205180168152,0.8820512890815735,390.0,0.04212597757577896,0.056466296315193176,0.33157479763031006,0.694423496723175,0.7358974814414978,0.0,390.0
full_gnn,44,AN33,False,255948,222,21.1,0.06395722925662994,0.08364302664995193,0.3513367772102356,0.8769916296005249,0.8717948794364929,0.8051282167434692,390.0,0.03755120560526848,0.0489724837243557,0.7776362299919128,0.8923444151878357,0.6820513010025024,0.0,390.0
full_gnn,44,AN34,False,255948,77,8.5,0.030322356149554253,0.03821209445595741,0.8845294713973999,0.9683040380477905,0.9743589758872986,0.892307698726654,390.0,0.09287919849157333,0.12548065185546875,-0.245153546333313,0.5838490724563599,0.9179487228393555,0.0,390.0
full_gnn,44,AN35,False,255948,158,15.5,0.035264790058135986,0.046656783670186996,0.8476517200469971,0.96250319480896,0.9307692646980286,0.9153846502304077,390.0,0.10187828540802002,0.13658151030540466,-0.3055450916290283,0.630775511264801,0.8666666746139526,0.0,390.0
full_gnn,44,AN36,False,255948,163,16.2,0.048346322029829025,0.06581085175275803,0.7939551472663879,0.9657163619995117,0.9153846502304077,0.8512820601463318,390.0,0.08691771328449249,0.12324360013008118,0.2774040699005127,0.8097381591796875,0.920512855052948,0.0,390.0
full_gnn,44,AN37,False,255948,173,16.8,0.010563360527157784,0.014871936291456223,0.9694381952285767,0.984951913356781,0.9179487228393555,0.7897436022758484,390.0,0.022658901289105415,0.038611672818660736,0.793993353843689,0.9143104553222656,0.8384615778923035,0.0,390.0
full_gnn,44,AN38,False,255948,227,21.5,0.03162500262260437,0.045825496315956116,0.7505167126655579,0.9201439023017883,0.9692307710647583,0.8743590116500854,390.0,0.061323873698711395,0.09047810733318329,0.027445316314697266,0.5515920519828796,0.8589743971824646,0.0,390.0
full_gnn,44,AN41,False,255948,95,10.1,0.03250972181558609,0.04945877194404602,0.6656926870346069,0.8849639296531677,0.9410256743431091,0.8179487586021423,390.0,0.049811940640211105,0.07342291623353958,0.26324617862701416,0.6394153237342834,0.8769230842590332,0.0,390.0
full_gnn,44,AN42,False,255948,173,16.8,0.014410263858735561,0.01770053058862686,0.960850715637207,0.9842921495437622,0.8948718309402466,0.6333333253860474,390.0,0.02173314057290554,0.036288704723119736,0.8354512453079224,0.9247941374778748,0.7794871926307678,0.0,390.0
full_gnn,44,AN43,False,255948,231,22.0,0.0170748233795166,0.024894170463085175,0.8589710593223572,0.9414615631103516,0.9307692646980286,0.892307698726654,390.0,0.03554243966937065,0.04720228537917137,0.4929637908935547,0.7575814723968506,0.8282051682472229,0.0,390.0
full_gnn,44,AN44,False,255948,231,21.7,0.031091945245862007,0.0412621833384037,0.7911136150360107,0.9548112750053406,0.9512820839881897,0.9333333373069763,390.0,0.06446009874343872,0.0883944109082222,0.041360437870025635,0.6747174263000488,0.8076923489570618,0.0,390.0
full_gnn,44,AN45,False,255948,156,15.3,0.0327729657292366,0.04164295271039009,0.8611829280853271,0.9709535241127014,0.9333333373069763,0.8512820601463318,390.0,0.09461848437786102,0.13030333817005157,-0.35916101932525635,0.5553541779518127,0.8666666746139526,0.0,390.0
full_gnn,44,AN46,False,255948,166,16.2,0.02088751643896103,0.028967255726456642,0.8371041417121887,0.9353960752487183,0.8641026020050049,0.7153846621513367,390.0,0.023226652294397354,0.03812740370631218,0.7177916765213013,0.8773975968360901,0.8282051682472229,0.0,390.0
full_gnn,44,AN47,False,255948,223,21.3,0.014440122060477734,0.01929342746734619,0.9373982548713684,0.9699815511703491,0.8538461923599243,0.6897436380386353,390.0,0.02479369007050991,0.041987814009189606,0.7035071849822998,0.8619070649147034,0.7307692766189575,0.0,390.0
full_gnn,44,AN48,False,255948,164,16.1,0.036601826548576355,0.054858624935150146,0.6696439981460571,0.8873978853225708,0.9333333373069763,0.7923077344894409,390.0,0.052349481731653214,0.07696951925754547,0.34967589378356934,0.7082787752151489,0.9128205180168152,0.0,390.0
full_gnn,44,AN49,False,255948,205,19.6,0.014954919926822186,0.020765189081430435,0.8956422209739685,0.962653398513794,0.8256410360336304,0.7717949151992798,390.0,0.02139812521636486,0.037926383316516876,0.6518745422363281,0.8354940414428711,0.7179487347602844,0.0,390.0
full_gnn,44,AN50,False,255948,206,19.7,0.012054521590471268,0.015229727141559124,0.9587598443031311,0.9792313575744629,0.9000000357627869,0.692307710647583,390.0,0.02101154439151287,0.0362025648355484,0.7669685482978821,0.8911349773406982,0.812820553779602,0.0,390.0
full_gnn,44,AN51,False,255948,134,13.4,0.01529662311077118,0.021952413022518158,0.8885368704795837,0.9488598108291626,0.9333333373069763,0.8564102649688721,390.0,0.04207058623433113,0.062049269676208496,0.10948735475540161,0.5339223742485046,0.9102564454078674,0.0,390.0
full_gnn,44,AN52,False,255948,289,26.8,0.05020012706518173,0.07908894866704941,0.41890186071395874,0.7907856702804565,0.8717948794364929,0.7102564573287964,390.0,0.05569162964820862,0.08127719163894653,0.38630127906799316,0.7298445105552673,0.9000000357627869,0.0,390.0
full_gnn,44,AN53,False,255948,120,12.2,0.017730161547660828,0.02534813992679119,0.9384573101997375,0.9718772172927856,0.9410256743431091,0.9000000357627869,390.0,0.07413025945425034,0.0999029278755188,0.04403775930404663,0.7084447145462036,0.9307692646980286,0.0,390.0
full_gnn,44,AN54,False,255948,98,10.3,0.023475520312786102,0.03513620048761368,0.8113840818405151,0.9293160438537598,0.8769230842590332,0.8051282167434692,390.0,0.03311216086149216,0.04519224539399147,0.6879698038101196,0.8465177416801453,0.884615421295166,0.0,390.0
full_gnn,44,AN55,False,255948,168,16.3,0.030276978388428688,0.051325228065252304,0.7742036581039429,0.908903956413269,0.928205132484436,0.8076923489570618,390.0,0.05479399859905243,0.08724340796470642,0.3475903868675232,0.6906450986862183,0.8743590116500854,0.0,390.0
full_gnn,44,AN57,False,255948,95,10.1,0.02644474245607853,0.041499700397253036,0.7809404134750366,0.9102400541305542,0.8358974456787109,0.8205128312110901,390.0,0.03513285517692566,0.05174892768263817,0.6593761444091797,0.8323850631713867,0.7358974814414978,0.0,390.0
full_gnn,44,AN58,False,255948,167,16.2,0.018104275688529015,0.024149633944034576,0.9687021374702454,0.9899938106536865,0.9820513129234314,0.8641026020050049,390.0,0.0650513619184494,0.09373891353607178,0.5284440517425537,0.8658540844917297,0.8256410360336304,0.0,390.0
full_gnn,44,AN59,False,255948,126,12.8,0.010643008165061474,0.013321571052074432,0.9725773334503174,0.9867021441459656,0.9230769276618958,0.7025641202926636,390.0,0.020798824727535248,0.03590729460120201,0.8007655143737793,0.9169149398803711,0.8410256505012512,0.0,390.0
full_gnn,44,AN62,False,255948,103,10.7,0.021475477144122124,0.027625951915979385,0.9672585725784302,0.9873659014701843,0.992307722568512,0.8153846263885498,390.0,0.07884541898965836,0.11175479739904404,0.46420902013778687,0.8759009838104248,0.9000000357627869,0.0,390.0
full_gnn,44,AN63,False,255948,173,16.9,0.023495318368077278,0.03054301254451275,0.9439756870269775,0.977558970451355,0.8974359035491943,0.8641026020050049,390.0,0.06420966237783432,0.09031052142381668,0.5101877450942993,0.8215481042861938,0.7923077344894409,0.0,390.0
full_gnn,44,AN65,False,255948,167,16.3,0.013165706768631935,0.01806987076997757,0.9845475554466248,0.9926533699035645,1.0,0.9128205180168152,390.0,0.07196363061666489,0.10286451131105423,0.4992527365684509,0.8825613856315613,0.8717948794364929,0.0,390.0
full_gnn,44,AN66,False,255948,240,22.7,0.011575675569474697,0.014713624492287636,0.9901864528656006,0.9963042736053467,1.0,0.9307692646980286,390.0,0.06947623938322067,0.09837140142917633,0.5613442659378052,0.8829526901245117,0.9051282405853271,0.0,390.0
full_gnn,44,AN67,False,255948,163,16.1,0.018789753317832947,0.025559602305293083,0.9478346705436707,0.9758062958717346,0.9051282405853271,0.8282051682472229,390.0,0.07979641854763031,0.11070315539836884,0.021425962448120117,0.7045205235481262,0.7461538910865784,0.0,390.0
full_gnn,44,AN68,False,255948,175,16.9,0.01555723138153553,0.020793847739696503,0.98017418384552,0.9901154637336731,0.964102566242218,0.8743590116500854,390.0,0.07256140559911728,0.10253696143627167,0.5179170966148376,0.8828951716423035,0.8692308068275452,0.0,390.0
full_gnn,44,AN69,False,255948,165,16.1,0.016469217836856842,0.021331092342734337,0.9325780868530273,0.9750229716300964,0.9333333373069763,0.8641026020050049,390.0,0.04779282584786415,0.0673258826136589,0.3283565640449524,0.7500608563423157,0.884615421295166,0.0,390.0
full_gnn,44,AN70,False,255948,163,16.0,0.009133417159318924,0.011947705410420895,0.9796393513679504,0.9897716045379639,0.928205132484436,0.7230769395828247,390.0,0.01944071054458618,0.03477714583277702,0.8274916410446167,0.938083827495575,0.8333333730697632,0.0,390.0
full_gnn,44,AN71,True,255948,166,16.3,0.0590902604162693,0.07067272812128067,0.626183271408081,0.8391262292861938,0.6508876085281372,0.8022682666778564,2028.0,0.08166961371898651,0.0941234901547432,0.3369426131248474,0.7576279640197754,0.5330374836921692,0.0,2028.0
full_gnn,44,RBL1,False,255948,125,12.6,0.015487895347177982,0.01954830251634121,0.9526097774505615,0.982453465461731,0.8384615778923035,0.5820512771606445,390.0,0.020931610837578773,0.03714262694120407,0.8289133906364441,0.9470303058624268,0.8102564215660095,0.0,390.0
full_gnn,44,RBL101,True,255948,106,11.1,0.022618915885686874,0.03653944283723831,0.8631279468536377,0.932273268699646,0.932445764541626,0.7455621361732483,2028.0,0.04768788442015648,0.08238724619150162,0.30415773391723633,0.6875008940696716,0.8831360936164856,0.0,2028.0
full_gnn,44,RBL102,False,255948,131,13.2,0.009254849515855312,0.01207409892231226,0.9814824461936951,0.9907879829406738,0.9538461565971375,0.7712082266807556,390.0,0.01903075911104679,0.031996700912714005,0.869957685470581,0.9507333636283875,0.8743590116500854,0.0,390.0
full_gnn,44,RBL103,True,255948,90,9.7,0.024239564314484596,0.03665100783109665,0.8926405310630798,0.945151686668396,0.8885601758956909,0.642011821269989,2028.0,0.0439491793513298,0.0741797536611557,0.5602161884307861,0.8305266499519348,0.892011821269989,0.0,2028.0
full_gnn,44,RBL11,True,255948,176,17.2,0.01808984763920307,0.029321014881134033,0.9167167544364929,0.9585257172584534,0.9319526553153992,0.8496055603027344,2028.0,0.04470333829522133,0.07624229788780212,0.43689197301864624,0.7770991921424866,0.8767258524894714,0.0,2028.0
full_gnn,44,RBL110,True,255948,236,22.3,0.020790202543139458,0.030166659504175186,0.9056311249732971,0.9532816410064697,0.8801774978637695,0.7283037304878235,2028.0,0.04100631922483444,0.06550293415784836,0.5550657510757446,0.815022885799408,0.7988165616989136,0.0,2028.0
full_gnn,44,RBL111,True,255948,240,22.5,0.01777033880352974,0.031656745821237564,0.9027597904205322,0.950162410736084,0.9270216822624207,0.8530572056770325,2028.0,0.042995624244213104,0.0747719556093216,0.45751112699508667,0.7680412530899048,0.8673570156097412,0.0,2028.0
full_gnn,44,RBL12,True,255948,293,27.1,0.02180316485464573,0.033974383026361465,0.8714320659637451,0.9433380365371704,0.9403353333473206,0.7973372936248779,2028.0,0.039363469928503036,0.06330520659685135,0.5536162853240967,0.8342556357383728,0.8856015801429749,0.0,2028.0
full_gnn,44,RBL159,True,255948,227,21.6,0.06344922631978989,0.07626190036535263,0.37436944246292114,0.703723669052124,0.9035964012145996,0.577422559261322,2002.0,0.03542280197143555,0.046558231115341187,0.7668176889419556,0.8975517153739929,0.8306692838668823,0.0,2002.0
full_gnn,44,RBL22,True,255948,249,23.5,0.020692309364676476,0.034765589982271194,0.8907767534255981,0.9451943635940552,0.9378698468208313,0.8308678865432739,2028.0,0.04570047929883003,0.07763896137475967,0.45527732372283936,0.7517364621162415,0.8796844482421875,0.0,2028.0
full_gnn,44,RBL391,False,255948,207,19.6,0.01546348724514246,0.02036222442984581,0.9393807053565979,0.9785281419754028,0.8974359035491943,0.5512820482254028,390.0,0.022069230675697327,0.03772972151637077,0.7918732762336731,0.9222732782363892,0.8538461923599243,0.0,390.0
full_gnn,45,AN04,False,255948,146,14.3,0.013209482654929161,0.01852632313966751,0.9639431238174438,0.9831874370574951,0.8512820601463318,0.7051282525062561,390.0,0.02233966998755932,0.03592103347182274,0.8644474148750305,0.9588342308998108,0.7974359393119812,0.0,390.0
full_gnn,45,AN07,False,255948,159,15.5,0.016963854432106018,0.022037342190742493,0.9137815833091736,0.9679757356643677,0.9615384936332703,0.8589743971824646,390.0,0.04825698211789131,0.07255915552377701,0.06531327962875366,0.499453067779541,0.8717948794364929,0.0,390.0
full_gnn,45,AN08,False,255948,211,20.3,0.017785711213946342,0.024499746039509773,0.8800498247146606,0.9454439282417297,0.928205132484436,0.8307692408561707,390.0,0.042234309017658234,0.06288208812475204,0.20980972051620483,0.5777809619903564,0.7666667103767395,0.0,390.0
full_gnn,45,AN09,False,255948,191,18.3,0.01011110283434391,0.012877791188657284,0.9696259498596191,0.9863585233688354,0.892307698726654,0.7256410717964172,390.0,0.021865902468562126,0.03904681280255318,0.7207514643669128,0.8661206364631653,0.6717948913574219,0.0,390.0
full_gnn,45,AN10,False,255948,118,12.0,0.01296891551464796,0.017650960013270378,0.9627217650413513,0.9846292734146118,0.9384615421295166,0.800000011920929,390.0,0.024638397619128227,0.03869374841451645,0.8208568096160889,0.9128826856613159,0.8564102649688721,0.0,390.0
full_gnn,45,AN11,False,255948,201,19.3,0.018597422167658806,0.02658190205693245,0.8914298415184021,0.950499951839447,0.8717948794364929,0.8435897827148438,390.0,0.033684566617012024,0.04877995327115059,0.6343873739242554,0.8127267956733704,0.8153846263885498,0.0,390.0
full_gnn,45,AN18,False,255948,141,14.1,0.010702984407544136,0.014509301632642746,0.9768589735031128,0.9890729784965515,0.892307698726654,0.8051282167434692,390.0,0.0213072020560503,0.03441827744245529,0.8697828054428101,0.9520304799079895,0.8230769634246826,0.0,390.0
full_gnn,45,AN19,False,255948,211,20.0,0.027723215520381927,0.03831225633621216,0.823219358921051,0.9367687106132507,0.9333333373069763,0.7487179636955261,390.0,0.05419232323765755,0.08235189318656921,0.1832175850868225,0.5743292570114136,0.7794871926307678,0.0,390.0
full_gnn,45,AN20,False,255948,182,17.8,0.011590346693992615,0.0160157922655344,0.9725620150566101,0.986677885055542,0.8897436261177063,0.7128205299377441,390.0,0.0217701755464077,0.03608337789773941,0.8607261180877686,0.9552841782569885,0.8769230842590332,0.0,390.0
full_gnn,45,AN21,False,255948,136,13.5,0.011220857501029968,0.014602471143007278,0.9749865531921387,0.9876180291175842,0.9846154451370239,0.7179487347602844,390.0,0.02019401453435421,0.03345860168337822,0.8686783313751221,0.9461004734039307,0.928205132484436,0.0,390.0
full_gnn,45,AN23,False,255948,213,20.4,0.02655685693025589,0.03427758812904358,0.8986467123031616,0.9662436246871948,0.9538461565971375,0.8769230842590332,390.0,0.09891825169324875,0.13378921151161194,-0.5440431833267212,0.46988314390182495,0.8435897827148438,0.0,390.0
full_gnn,45,AN24,False,255948,208,20.0,0.020313581451773643,0.028933130204677582,0.7459755539894104,0.8968178033828735,0.892307698726654,0.8794872164726257,390.0,0.037296492606401443,0.04713437333703041,0.325844407081604,0.6648391485214233,0.7025641202926636,0.0,390.0
full_gnn,45,AN25,False,255948,182,17.6,0.015576306730508804,0.022086206823587418,0.9199694395065308,0.9641804695129395,0.920512855052948,0.848717987537384,390.0,0.030525119975209236,0.04564906656742096,0.6581171751022339,0.8343436121940613,0.8384615778923035,0.0,390.0
full_gnn,45,AN26,False,255948,255,24.0,0.01983148604631424,0.026354849338531494,0.8366473913192749,0.9526665210723877,0.884615421295166,0.9410256743431091,390.0,0.03530703857541084,0.04432447999715805,0.5379465818405151,0.7845624089241028,0.7230769395828247,0.0,390.0
full_gnn,45,AN27,False,255948,150,14.8,0.016240164637565613,0.021955441683530807,0.9615392684936523,0.9835211038589478,0.9538461565971375,0.892307698726654,390.0,0.06701343506574631,0.0931733250617981,0.30734556913375854,0.7885197997093201,0.800000011920929,0.0,390.0
full_gnn,45,AN28,False,255948,257,24.2,0.022395864129066467,0.03061864897608757,0.7936545610427856,0.9092772603034973,0.9000000357627869,0.8897436261177063,390.0,0.03741391748189926,0.04828784614801407,0.4867858290672302,0.7770999670028687,0.8102564215660095,0.0,390.0
full_gnn,45,AN29,False,255948,179,17.5,0.05130290612578392,0.06757055222988129,0.1517723798751831,0.8912861347198486,0.8769230842590332,0.7794871926307678,390.0,0.043065086007118225,0.05828596651554108,0.36886024475097656,0.7556945085525513,0.6794872283935547,0.0,390.0
full_gnn,45,AN30,False,255948,210,20.2,0.01788267120718956,0.024402180686593056,0.8542943596839905,0.9384709596633911,0.8435897827148438,0.8897436261177063,390.0,0.03594708442687988,0.04576510936021805,0.4875067472457886,0.7606310248374939,0.7923077344894409,0.0,390.0
full_gnn,45,AN31,False,255948,179,17.5,0.03202585503458977,0.03937177732586861,0.8983109593391418,0.9731180667877197,0.9589743614196777,0.884615421295166,390.0,0.09571103006601334,0.13214997947216034,-0.14561426639556885,0.6806185245513916,0.9256410598754883,0.0,390.0
full_gnn,45,AN32,False,255948,222,21.1,0.017232663929462433,0.023038236424326897,0.8887313604354858,0.950336754322052,0.9410256743431091,0.9230769276618958,390.0,0.04212597757577896,0.056466296315193176,0.33157479763031006,0.694423496723175,0.7358974814414978,0.0,390.0
full_gnn,45,AN33,False,255948,275,25.6,0.0635906234383583,0.0833924412727356,0.3552175760269165,0.8796075582504272,0.8666666746139526,0.800000011920929,390.0,0.03755120560526848,0.0489724837243557,0.7776362299919128,0.8923444151878357,0.6820513010025024,0.0,390.0
full_gnn,45,AN34,False,255948,165,16.1,0.02717849425971508,0.03413291275501251,0.9078668355941772,0.9730443954467773,0.9769231081008911,0.884615421295166,390.0,0.09287919849157333,0.12548065185546875,-0.245153546333313,0.5838490724563599,0.9179487228393555,0.0,390.0
full_gnn,45,AN35,False,255948,109,11.2,0.04006847366690636,0.05181083455681801,0.8121335506439209,0.9533117413520813,0.9051282405853271,0.892307698726654,390.0,0.10187828540802002,0.13658151030540466,-0.3055450916290283,0.630775511264801,0.8666666746139526,0.0,390.0
full_gnn,45,AN36,False,255948,212,20.1,0.054791226983070374,0.0774560272693634,0.7145847678184509,0.9451211094856262,0.9179487228393555,0.8333333730697632,390.0,0.08691771328449249,0.12324360013008118,0.2774040699005127,0.8097381591796875,0.920512855052948,0.0,390.0
full_gnn,45,AN37,False,255948,212,20.4,0.010441802442073822,0.015070215798914433,0.968617856502533,0.9847477078437805,0.9128205180168152,0.7743589878082275,390.0,0.022658901289105415,0.038611672818660736,0.793993353843689,0.9143104553222656,0.8384615778923035,0.0,390.0
full_gnn,45,AN38,False,255948,180,17.4,0.03770940750837326,0.054584503173828125,0.6460305452346802,0.8767183423042297,0.9358974695205688,0.8461538553237915,390.0,0.061323873698711395,0.09047810733318329,0.027445316314697266,0.5515920519828796,0.8589743971824646,0.0,390.0
full_gnn,45,AN41,False,255948,196,19.0,0.027241773903369904,0.040269896388053894,0.7783742547035217,0.9197284579277039,0.95641028881073,0.7948718070983887,390.0,0.049811940640211105,0.07342291623353958,0.26324617862701416,0.6394153237342834,0.8769230842590332,0.0,390.0
full_gnn,45,AN42,False,255948,98,10.2,0.01737775281071663,0.0223611518740654,0.9375201463699341,0.9744282960891724,0.8743590116500854,0.5871794819831848,390.0,0.02173314057290554,0.036288704723119736,0.8354512453079224,0.9247941374778748,0.7794871926307678,0.0,390.0
full_gnn,45,AN43,False,255948,123,12.5,0.020631711930036545,0.030026614665985107,0.794824481010437,0.9261771440505981,0.9410256743431091,0.8615384697914124,390.0,0.03554243966937065,0.04720228537917137,0.4929637908935547,0.7575814723968506,0.8282051682472229,0.0,390.0
full_gnn,45,AN44,False,255948,193,18.5,0.022728364914655685,0.029928768053650856,0.8901036381721497,0.9726218581199646,0.964102566242218,0.9256410598754883,390.0,0.06446009874343872,0.0883944109082222,0.041360437870025635,0.6747174263000488,0.8076923489570618,0.0,390.0
full_gnn,45,AN45,False,255948,203,19.6,0.0255367923527956,0.032262299209833145,0.9166797399520874,0.9727392792701721,0.9461538791656494,0.8871794939041138,390.0,0.09461848437786102,0.13030333817005157,-0.35916101932525635,0.5553541779518127,0.8666666746139526,0.0,390.0
full_gnn,45,AN46,False,255948,301,28.0,0.028652623295783997,0.04223686829209328,0.6536790728569031,0.8874377012252808,0.8641026020050049,0.7256410717964172,390.0,0.023226652294397354,0.03812740370631218,0.7177916765213013,0.8773975968360901,0.8282051682472229,0.0,390.0
full_gnn,45,AN47,False,255948,245,23.0,0.016577547416090965,0.021545331925153732,0.921931803226471,0.9641933441162109,0.8410256505012512,0.6102564334869385,390.0,0.02479369007050991,0.041987814009189606,0.7035071849822998,0.8619070649147034,0.7307692766189575,0.0,390.0
full_gnn,45,AN48,False,255948,156,15.2,0.04091513529419899,0.06368862837553024,0.5547374486923218,0.8506016731262207,0.9487179517745972,0.764102578163147,390.0,0.052349481731653214,0.07696951925754547,0.34967589378356934,0.7082787752151489,0.9128205180168152,0.0,390.0
full_gnn,45,AN49,False,255948,271,25.5,0.026230299845337868,0.03874745965003967,0.6366380453109741,0.8906056880950928,0.8205128312110901,0.7666667103767395,390.0,0.02139812521636486,0.037926383316516876,0.6518745422363281,0.8354940414428711,0.7179487347602844,0.0,390.0
full_gnn,45,AN50,False,255948,164,16.0,0.011836260557174683,0.014878000132739544,0.9606427550315857,0.9802908897399902,0.8948718309402466,0.7153846621513367,390.0,0.02101154439151287,0.0362025648355484,0.7669685482978821,0.8911349773406982,0.812820553779602,0.0,390.0
full_gnn,45,AN51,False,255948,149,14.7,0.015139010734856129,0.021986017003655434,0.8881953358650208,0.9432821273803711,0.9128205180168152,0.8666666746139526,390.0,0.04207058623433113,0.062049269676208496,0.10948735475540161,0.5339223742485046,0.9102564454078674,0.0,390.0
full_gnn,45,AN52,False,255948,237,22.4,0.04881022498011589,0.07716407626867294,0.4468432664871216,0.8030484914779663,0.9076923131942749,0.7384615540504456,390.0,0.05569162964820862,0.08127719163894653,0.38630127906799316,0.7298445105552673,0.9000000357627869,0.0,390.0
full_gnn,45,AN53,False,255948,206,19.7,0.017595717683434486,0.024392670020461082,0.9430094361305237,0.9716262221336365,0.964102566242218,0.8871794939041138,390.0,0.07413025945425034,0.0999029278755188,0.04403775930404663,0.7084447145462036,0.9307692646980286,0.0,390.0
full_gnn,45,AN54,False,255948,210,20.0,0.017784124240279198,0.026831816881895065,0.8900060057640076,0.946843683719635,0.9307692646980286,0.800000011920929,390.0,0.03311216086149216,0.04519224539399147,0.6879698038101196,0.8465177416801453,0.884615421295166,0.0,390.0
full_gnn,45,AN55,False,255948,118,12.0,0.039369311183691025,0.06484895199537277,0.6395367980003357,0.8526114225387573,0.928205132484436,0.8179487586021423,390.0,0.05479399859905243,0.08724340796470642,0.3475903868675232,0.6906450986862183,0.8743590116500854,0.0,390.0
full_gnn,45,AN57,False,255948,277,25.6,0.01676676608622074,0.02658892795443535,0.910076379776001,0.9545754194259644,0.9025641083717346,0.8025641441345215,390.0,0.03513285517692566,0.05174892768263817,0.6593761444091797,0.8323850631713867,0.7358974814414978,0.0,390.0
full_gnn,45,AN58,False,255948,209,20.0,0.013422698713839054,0.01813170500099659,0.9823570847511292,0.9922056198120117,0.992307722568512,0.8564102649688721,390.0,0.0650513619184494,0.09373891353607178,0.5284440517425537,0.8658540844917297,0.8256410360336304,0.0,390.0
full_gnn,45,AN59,False,255948,181,17.7,0.009503249078989029,0.011973475106060505,0.977846622467041,0.9889940023422241,0.9512820839881897,0.7051282525062561,390.0,0.020798824727535248,0.03590729460120201,0.8007655143737793,0.9169149398803711,0.8410256505012512,0.0,390.0
full_gnn,45,AN62,False,255948,203,19.2,0.02070099301636219,0.02709118276834488,0.9685139060020447,0.9881677627563477,0.992307722568512,0.8102564215660095,390.0,0.07884541898965836,0.11175479739904404,0.46420902013778687,0.8759009838104248,0.9000000357627869,0.0,390.0
full_gnn,45,AN63,False,255948,290,26.8,0.022482387721538544,0.028532827273011208,0.9511074423789978,0.9756060838699341,0.9051282405853271,0.884615421295166,390.0,0.06420966237783432,0.09031052142381668,0.5101877450942993,0.8215481042861938,0.7923077344894409,0.0,390.0
full_gnn,45,AN65,False,255948,223,21.0,0.019324133172631264,0.0253427866846323,0.9696053862571716,0.9932954907417297,0.9897436499595642,0.892307698726654,390.0,0.07196363061666489,0.10286451131105423,0.4992527365684509,0.8825613856315613,0.8717948794364929,0.0,390.0
full_gnn,45,AN66,False,255948,236,22.2,0.011537371203303337,0.014061780646443367,0.9910367131233215,0.996268093585968,1.0,0.9153846502304077,390.0,0.06947623938322067,0.09837140142917633,0.5613442659378052,0.8829526901245117,0.9051282405853271,0.0,390.0
full_gnn,45,AN67,False,255948,320,29.5,0.016203375533223152,0.02228817157447338,0.9603335857391357,0.9801459908485413,0.9589743614196777,0.8769230842590332,390.0,0.07979641854763031,0.11070315539836884,0.021425962448120117,0.7045205235481262,0.7461538910865784,0.0,390.0
full_gnn,45,AN68,False,255948,304,28.3,0.016079900786280632,0.02112451195716858,0.9795386791229248,0.9901228547096252,0.9717949032783508,0.8743590116500854,390.0,0.07256140559911728,0.10253696143627167,0.5179170966148376,0.8828951716423035,0.8692308068275452,0.0,390.0
full_gnn,45,AN69,False,255948,109,11.2,0.02496495470404625,0.03065602481365204,0.8607463836669922,0.9692716002464294,0.9512820839881897,0.8461538553237915,390.0,0.04779282584786415,0.0673258826136589,0.3283565640449524,0.7500608563423157,0.884615421295166,0.0,390.0
full_gnn,45,AN70,False,255948,278,25.9,0.009042722173035145,0.012044912204146385,0.979306697845459,0.9896127581596375,0.9128205180168152,0.7256410717964172,390.0,0.01944071054458618,0.03477714583277702,0.8274916410446167,0.938083827495575,0.8333333730697632,0.0,390.0
full_gnn,45,AN71,True,255948,207,19.8,0.05849948152899742,0.06896615773439407,0.6440187692642212,0.8518552184104919,0.6612426042556763,0.8427022099494934,2028.0,0.08166961371898651,0.0941234901547432,0.3369426131248474,0.7576279640197754,0.5330374836921692,0.0,2028.0
full_gnn,45,RBL1,False,255948,205,19.6,0.011886254884302616,0.014780336059629917,0.972908079624176,0.9890329241752625,0.8512820601463318,0.6000000238418579,390.0,0.020931610837578773,0.03714262694120407,0.8289133906364441,0.9470303058624268,0.8102564215660095,0.0,390.0
full_gnn,45,RBL101,True,255948,204,19.5,0.020529279485344887,0.032919012010097504,0.8889075517654419,0.9453044533729553,0.9408284425735474,0.7470414042472839,2028.0,0.04768788442015648,0.08238724619150162,0.30415773391723633,0.6875008940696716,0.8831360936164856,0.0,2028.0
full_gnn,45,RBL102,False,255948,148,14.7,0.009810950607061386,0.01255886908620596,0.9799656271934509,0.9906966090202332,0.9487179517745972,0.7455012798309326,390.0,0.01903075911104679,0.031996700912714005,0.869957685470581,0.9507333636283875,0.8743590116500854,0.0,390.0
full_gnn,45,RBL103,True,255948,206,19.8,0.020665867254137993,0.03205558657646179,0.9178749322891235,0.9581337571144104,0.9142012000083923,0.6972386837005615,2028.0,0.0439491793513298,0.0741797536611557,0.5602161884307861,0.8305266499519348,0.892011821269989,0.0,2028.0
full_gnn,45,RBL11,True,255948,229,21.9,0.017664780840277672,0.027597807347774506,0.9262182712554932,0.963246762752533,0.9329388737678528,0.8604536652565002,2028.0,0.04470333829522133,0.07624229788780212,0.43689197301864624,0.7770991921424866,0.8767258524894714,0.0,2028.0
full_gnn,45,RBL110,True,255948,294,27.2,0.02057098224759102,0.029100442305207253,0.9121840000152588,0.9560915231704712,0.8727810978889465,0.7204142212867737,2028.0,0.04100631922483444,0.06550293415784836,0.5550657510757446,0.815022885799408,0.7988165616989136,0.0,2028.0
full_gnn,45,RBL111,True,255948,164,16.1,0.019413253292441368,0.03362622484564781,0.8902840614318848,0.9437898397445679,0.9250493049621582,0.8560158014297485,2028.0,0.042995624244213104,0.0747719556093216,0.45751112699508667,0.7680412530899048,0.8673570156097412,0.0,2028.0
full_gnn,45,RBL12,True,255948,301,28.1,0.02237558923661709,0.03472796082496643,0.8656653761863708,0.9403472542762756,0.9368836283683777,0.7899408340454102,2028.0,0.039363469928503036,0.06330520659685135,0.5536162853240967,0.8342556357383728,0.8856015801429749,0.0,2028.0
full_gnn,45,RBL159,True,255948,163,16.0,0.04979661852121353,0.05965680256485939,0.6171552538871765,0.8051448464393616,0.8996003866195679,0.568431556224823,2002.0,0.03542280197143555,0.046558231115341187,0.7668176889419556,0.8975517153739929,0.8306692838668823,0.0,2002.0
full_gnn,45,RBL22,True,255948,267,25.0,0.020489279180765152,0.03372757509350777,0.897201657295227,0.9481054544448853,0.9344181418418884,0.8111439943313599,2028.0,0.04570047929883003,0.07763896137475967,0.45527732372283936,0.7517364621162415,0.8796844482421875,0.0,2028.0
full_gnn,45,RBL391,False,255948,262,24.4,0.01288881991058588,0.016582440584897995,0.9597970843315125,0.9843171238899231,0.8974359035491943,0.6102564334869385,390.0,0.022069230675697327,0.03772972151637077,0.7918732762336731,0.9222732782363892,0.8538461923599243,0.0,390.0
full_gnn,46,AN04,False,255948,191,18.3,0.012283707968890667,0.016841284930706024,0.9702038168907166,0.9865521192550659,0.8564102649688721,0.7461538910865784,390.0,0.02233966998755932,0.03592103347182274,0.8644474148750305,0.9588342308998108,0.7974359393119812,0.0,390.0
full_gnn,46,AN07,False,255948,126,12.8,0.04426008090376854,0.05609754100441933,0.4413120746612549,0.9016324281692505,0.8974359035491943,0.7871795296669006,390.0,0.04825698211789131,0.07255915552377701,0.06531327962875366,0.499453067779541,0.8717948794364929,0.0,390.0
full_gnn,46,AN08,False,255948,268,25.0,0.01615935191512108,0.023066289722919464,0.8936755061149597,0.9498667120933533,0.928205132484436,0.8358974456787109,390.0,0.042234309017658234,0.06288208812475204,0.20980972051620483,0.5777809619903564,0.7666667103767395,0.0,390.0
full_gnn,46,AN09,False,255948,137,13.8,0.010898414067924023,0.014744017273187637,0.9601845741271973,0.983692467212677,0.884615421295166,0.6974359154701233,390.0,0.021865902468562126,0.03904681280255318,0.7207514643669128,0.8661206364631653,0.6717948913574219,0.0,390.0
full_gnn,46,AN10,False,255948,230,21.8,0.012373007833957672,0.01728726364672184,0.964242160320282,0.9869281649589539,0.9384615421295166,0.8025641441345215,390.0,0.024638397619128227,0.03869374841451645,0.8208568096160889,0.9128826856613159,0.8564102649688721,0.0,390.0
full_gnn,46,AN11,False,255948,142,14.3,0.01533397939056158,0.020499756559729576,0.9354292154312134,0.9689182043075562,0.9102564454078674,0.8512820601463318,390.0,0.033684566617012024,0.04877995327115059,0.6343873739242554,0.8127267956733704,0.8153846263885498,0.0,390.0
full_gnn,46,AN18,False,255948,125,12.8,0.01100214198231697,0.014636280946433544,0.976452112197876,0.9887871742248535,0.8871794939041138,0.7769231200218201,390.0,0.0213072020560503,0.03441827744245529,0.8697828054428101,0.9520304799079895,0.8230769634246826,0.0,390.0
full_gnn,46,AN19,False,255948,199,19.1,0.02602550946176052,0.037014249712228775,0.8349950313568115,0.9445547461509705,0.9435897469520569,0.7692307829856873,390.0,0.05419232323765755,0.08235189318656921,0.1832175850868225,0.5743292570114136,0.7794871926307678,0.0,390.0
full_gnn,46,AN20,False,255948,225,21.3,0.01100183092057705,0.01541297510266304,0.9745886325836182,0.9879007339477539,0.8974359035491943,0.6974359154701233,390.0,0.0217701755464077,0.03608337789773941,0.8607261180877686,0.9552841782569885,0.8769230842590332,0.0,390.0
full_gnn,46,AN21,False,255948,120,12.2,0.013798919506371021,0.018012629821896553,0.9619394540786743,0.9827796220779419,0.992307722568512,0.6743590235710144,390.0,0.02019401453435421,0.03345860168337822,0.8686783313751221,0.9461004734039307,0.928205132484436,0.0,390.0
full_gnn,46,AN23,False,255948,149,14.8,0.025927266106009483,0.034213874489068985,0.899023175239563,0.9655247926712036,0.9743589758872986,0.920512855052948,390.0,0.09891825169324875,0.13378921151161194,-0.5440431833267212,0.46988314390182495,0.8435897827148438,0.0,390.0
full_gnn,46,AN24,False,255948,79,8.8,0.026971805840730667,0.037144146859645844,0.5813361406326294,0.850354790687561,0.8974359035491943,0.8897436261177063,390.0,0.037296492606401443,0.04713437333703041,0.325844407081604,0.6648391485214233,0.7025641202926636,0.0,390.0
full_gnn,46,AN25,False,255948,230,22.0,0.01433678437024355,0.01916762813925743,0.9397231936454773,0.9703603982925415,0.9128205180168152,0.8282051682472229,390.0,0.030525119975209236,0.04564906656742096,0.6581171751022339,0.8343436121940613,0.8384615778923035,0.0,390.0
full_gnn,46,AN26,False,255948,84,9.1,0.019210783764719963,0.02600889280438423,0.840907871723175,0.9465872049331665,0.8589743971824646,0.9358974695205688,390.0,0.03530703857541084,0.04432447999715805,0.5379465818405151,0.7845624089241028,0.7230769395828247,0.0,390.0
full_gnn,46,AN27,False,255948,124,12.6,0.014472220093011856,0.02004629373550415,0.967937171459198,0.9858946800231934,0.9769231081008911,0.9358974695205688,390.0,0.06701343506574631,0.0931733250617981,0.30734556913375854,0.7885197997093201,0.800000011920929,0.0,390.0
full_gnn,46,AN28,False,255948,112,11.6,0.01851792447268963,0.02377774380147457,0.8755587935447693,0.9363102316856384,0.9102564454078674,0.8769230842590332,390.0,0.03741391748189926,0.04828784614801407,0.4867858290672302,0.7770999670028687,0.8102564215660095,0.0,390.0
full_gnn,46,AN29,False,255948,113,11.6,0.049227602779865265,0.06274186819791794,0.2686716318130493,0.9007822275161743,0.8538461923599243,0.7948718070983887,390.0,0.043065086007118225,0.05828596651554108,0.36886024475097656,0.7556945085525513,0.6794872283935547,0.0,390.0
full_gnn,46,AN30,False,255948,178,17.4,0.020627472549676895,0.02895354852080345,0.794873058795929,0.9181321263313293,0.848717987537384,0.9025641083717346,390.0,0.03594708442687988,0.04576510936021805,0.4875067472457886,0.7606310248374939,0.7923077344894409,0.0,390.0
full_gnn,46,AN31,False,255948,85,9.1,0.02950555644929409,0.03710954263806343,0.9096609354019165,0.9758070707321167,0.9410256743431091,0.8666666746139526,390.0,0.09571103006601334,0.13214997947216034,-0.14561426639556885,0.6806185245513916,0.9256410598754883,0.0,390.0
full_gnn,46,AN32,False,255948,206,19.8,0.017888443544507027,0.022872978821396828,0.8903219699859619,0.9499521851539612,0.9307692646980286,0.9153846502304077,390.0,0.04212597757577896,0.056466296315193176,0.33157479763031006,0.694423496723175,0.7358974814414978,0.0,390.0
full_gnn,46,AN33,False,255948,123,12.5,0.05869636684656143,0.07609432190656662,0.4631359577178955,0.8900474905967712,0.8615384697914124,0.7820513248443604,390.0,0.03755120560526848,0.0489724837243557,0.7776362299919128,0.8923444151878357,0.6820513010025024,0.0,390.0
full_gnn,46,AN34,False,255948,116,11.8,0.025276195257902145,0.031753748655319214,0.9202631115913391,0.9699388742446899,0.9794871807098389,0.892307698726654,390.0,0.09287919849157333,0.12548065185546875,-0.245153546333313,0.5838490724563599,0.9179487228393555,0.0,390.0
full_gnn,46,AN35,False,255948,153,15.0,0.025227542966604233,0.03496644273400307,0.9144321084022522,0.9680262207984924,0.9410256743431091,0.9179487228393555,390.0,0.10187828540802002,0.13658151030540466,-0.3055450916290283,0.630775511264801,0.8666666746139526,0.0,390.0
full_gnn,46,AN36,False,255948,212,20.1,0.051601212471723557,0.07119160145521164,0.7588849663734436,0.9550843834877014,0.8974359035491943,0.8333333730697632,390.0,0.08691771328449249,0.12324360013008118,0.2774040699005127,0.8097381591796875,0.920512855052948,0.0,390.0
full_gnn,46,AN37,False,255948,121,12.4,0.01149804051965475,0.015881923958659172,0.9651461839675903,0.9831457734107971,0.9179487228393555,0.7666667103767395,390.0,0.022658901289105415,0.038611672818660736,0.793993353843689,0.9143104553222656,0.8384615778923035,0.0,390.0
full_gnn,46,AN38,False,255948,201,19.3,0.03149186819791794,0.04545629769563675,0.7545205354690552,0.9216423630714417,0.9743589758872986,0.8743590116500854,390.0,0.061323873698711395,0.09047810733318329,0.027445316314697266,0.5515920519828796,0.8589743971824646,0.0,390.0
full_gnn,46,AN41,False,255948,148,14.7,0.029188871383666992,0.04381847754120827,0.7375940084457397,0.9052441716194153,0.9538461565971375,0.7948718070983887,390.0,0.049811940640211105,0.07342291623353958,0.26324617862701416,0.6394153237342834,0.8769230842590332,0.0,390.0
full_gnn,46,AN42,False,255948,193,18.6,0.012938793748617172,0.015732739120721817,0.9690713882446289,0.9883015751838684,0.9102564454078674,0.6435897350311279,390.0,0.02173314057290554,0.036288704723119736,0.8354512453079224,0.9247941374778748,0.7794871926307678,0.0,390.0
full_gnn,46,AN43,False,255948,126,12.6,0.01713923178613186,0.025331642478704453,0.8539708256721497,0.9412819147109985,0.928205132484436,0.9179487228393555,390.0,0.03554243966937065,0.04720228537917137,0.4929637908935547,0.7575814723968506,0.8282051682472229,0.0,390.0
full_gnn,46,AN44,False,255948,78,8.6,0.020871786400675774,0.02704860456287861,0.9102373719215393,0.9681075215339661,0.9487179517745972,0.9256410598754883,390.0,0.06446009874343872,0.0883944109082222,0.041360437870025635,0.6747174263000488,0.8076923489570618,0.0,390.0
full_gnn,46,AN45,False,255948,222,21.1,0.021903615444898605,0.028103020042181015,0.9367783665657043,0.9765713810920715,0.964102566242218,0.9256410598754883,390.0,0.09461848437786102,0.13030333817005157,-0.35916101932525635,0.5553541779518127,0.8666666746139526,0.0,390.0
full_gnn,46,AN46,False,255948,113,11.6,0.01985638216137886,0.027615100145339966,0.8519567847251892,0.9411459565162659,0.8641026020050049,0.720512866973877,390.0,0.023226652294397354,0.03812740370631218,0.7177916765213013,0.8773975968360901,0.8282051682472229,0.0,390.0
full_gnn,46,AN47,False,255948,240,22.6,0.014960233122110367,0.019738180562853813,0.934478759765625,0.9686443209648132,0.8538461923599243,0.6820513010025024,390.0,0.02479369007050991,0.041987814009189606,0.7035071849822998,0.8619070649147034,0.7307692766189575,0.0,390.0
full_gnn,46,AN48,False,255948,183,17.7,0.03343688324093819,0.04976655915379524,0.728126049041748,0.9116405248641968,0.9358974695205688,0.7794871926307678,390.0,0.052349481731653214,0.07696951925754547,0.34967589378356934,0.7082787752151489,0.9128205180168152,0.0,390.0
full_gnn,46,AN49,False,255948,254,23.7,0.017015578225255013,0.023842917755246162,0.8624147772789001,0.9524188041687012,0.8076923489570618,0.7692307829856873,390.0,0.02139812521636486,0.037926383316516876,0.6518745422363281,0.8354940414428711,0.7179487347602844,0.0,390.0
full_gnn,46,AN50,False,255948,145,14.3,0.010926209390163422,0.013980034738779068,0.9652501940727234,0.9825682640075684,0.9025641083717346,0.720512866973877,390.0,0.02101154439151287,0.0362025648355484,0.7669685482978821,0.8911349773406982,0.812820553779602,0.0,390.0
full_gnn,46,AN51,False,255948,151,15.1,0.014518019743263721,0.021654823794960976,0.8915383815765381,0.9463556408882141,0.9256410598754883,0.8589743971824646,390.0,0.04207058623433113,0.062049269676208496,0.10948735475540161,0.5339223742485046,0.9102564454078674,0.0,390.0
full_gnn,46,AN52,False,255948,207,19.6,0.047898877412080765,0.0760570764541626,0.4626006484031677,0.8084657788276672,0.9153846502304077,0.728205144405365,390.0,0.05569162964820862,0.08127719163894653,0.38630127906799316,0.7298445105552673,0.9000000357627869,0.0,390.0
full_gnn,46,AN53,False,255948,174,16.7,0.019871391355991364,0.02725053019821644,0.9288730621337891,0.9743514657020569,0.9435897469520569,0.8897436261177063,390.0,0.07413025945425034,0.0999029278755188,0.04403775930404663,0.7084447145462036,0.9307692646980286,0.0,390.0
full_gnn,46,AN54,False,255948,257,24.2,0.01565186120569706,0.023555831983685493,0.9152253866195679,0.9590244293212891,0.9051282405853271,0.8076923489570618,390.0,0.03311216086149216,0.04519224539399147,0.6879698038101196,0.8465177416801453,0.884615421295166,0.0,390.0
full_gnn,46,AN55,False,255948,248,23.2,0.0285370834171772,0.04811651632189751,0.80155348777771,0.9237484335899353,0.9358974695205688,0.8358974456787109,390.0,0.05479399859905243,0.08724340796470642,0.3475903868675232,0.6906450986862183,0.8743590116500854,0.0,390.0
full_gnn,46,AN57,False,255948,178,17.2,0.024443645030260086,0.03725790977478027,0.8234331011772156,0.9248343706130981,0.8179487586021423,0.7923077344894409,390.0,0.03513285517692566,0.05174892768263817,0.6593761444091797,0.8323850631713867,0.7358974814414978,0.0,390.0
full_gnn,46,AN58,False,255948,226,21.3,0.01769367977976799,0.02308753691613674,0.9713945388793945,0.9925353527069092,0.9794871807098389,0.8512820601463318,390.0,0.0650513619184494,0.09373891353607178,0.5284440517425537,0.8658540844917297,0.8256410360336304,0.0,390.0
full_gnn,46,AN59,False,255948,200,18.9,0.009263129904866219,0.011669617146253586,0.9789567589759827,0.9899179339408875,0.95641028881073,0.6974359154701233,390.0,0.020798824727535248,0.03590729460120201,0.8007655143737793,0.9169149398803711,0.8410256505012512,0.0,390.0
full_gnn,46,AN62,False,255948,120,12.2,0.01943494938313961,0.02538604475557804,0.9723526835441589,0.9885623455047607,0.9897436499595642,0.8205128312110901,390.0,0.07884541898965836,0.11175479739904404,0.46420902013778687,0.8759009838104248,0.9000000357627869,0.0,390.0
full_gnn,46,AN63,False,255948,114,11.6,0.02374114654958248,0.031462766230106354,0.940550684928894,0.9735517501831055,0.8820512890815735,0.8435897827148438,390.0,0.06420966237783432,0.09031052142381668,0.5101877450942993,0.8215481042861938,0.7923077344894409,0.0,390.0
full_gnn,46,AN65,False,255948,252,23.6,0.01891748234629631,0.025131702423095703,0.9701096415519714,0.9927427768707275,0.9820513129234314,0.8974359035491943,390.0,0.07196363061666489,0.10286451131105423,0.4992527365684509,0.8825613856315613,0.8717948794364929,0.0,390.0
full_gnn,46,AN66,False,255948,256,23.9,0.011796966195106506,0.0149381710216403,0.9898846745491028,0.9964317083358765,1.0,0.928205132484436,390.0,0.06947623938322067,0.09837140142917633,0.5613442659378052,0.8829526901245117,0.9051282405853271,0.0,390.0
full_gnn,46,AN67,False,255948,113,11.7,0.018556686118245125,0.025681817904114723,0.9473346471786499,0.9742813110351562,0.9487179517745972,0.8794872164726257,390.0,0.07979641854763031,0.11070315539836884,0.021425962448120117,0.7045205235481262,0.7461538910865784,0.0,390.0
full_gnn,46,AN68,False,255948,130,13.2,0.016205282881855965,0.021492553874850273,0.9788194894790649,0.990187406539917,0.9820513129234314,0.8717948794364929,390.0,0.07256140559911728,0.10253696143627167,0.5179170966148376,0.8828951716423035,0.8692308068275452,0.0,390.0
full_gnn,46,AN69,False,255948,281,26.0,0.020223859697580338,0.025468500331044197,0.903887152671814,0.9559765458106995,0.9538461565971375,0.8358974456787109,390.0,0.04779282584786415,0.0673258826136589,0.3283565640449524,0.7500608563423157,0.884615421295166,0.0,390.0
full_gnn,46,AN70,False,255948,216,20.4,0.008891889825463295,0.011725982651114464,0.9803880453109741,0.9905684590339661,0.920512855052948,0.6948718428611755,390.0,0.01944071054458618,0.03477714583277702,0.8274916410446167,0.938083827495575,0.8333333730697632,0.0,390.0
full_gnn,46,AN71,True,255948,241,22.8,0.05866074562072754,0.07096998393535614,0.6230320334434509,0.8384928703308105,0.6331360936164856,0.7647929191589355,2028.0,0.08166961371898651,0.0941234901547432,0.3369426131248474,0.7576279640197754,0.5330374836921692,0.0,2028.0
full_gnn,46,RBL1,False,255948,237,22.3,0.016151132062077522,0.02123025245964527,0.9441039562225342,0.9812897443771362,0.8410256505012512,0.5948718190193176,390.0,0.020931610837578773,0.03714262694120407,0.8289133906364441,0.9470303058624268,0.8102564215660095,0.0,390.0
full_gnn,46,RBL101,True,255948,80,8.7,0.023367470130324364,0.037796031683683395,0.8535521030426025,0.9313732981681824,0.9285010099411011,0.743096649646759,2028.0,0.04768788442015648,0.08238724619150162,0.30415773391723633,0.6875008940696716,0.8831360936164856,0.0,2028.0
full_gnn,46,RBL102,False,255948,300,27.7,0.008930441923439503,0.011537513695657253,0.9830917716026306,0.9916203022003174,0.9487179517745972,0.7686375379562378,390.0,0.01903075911104679,0.031996700912714005,0.869957685470581,0.9507333636283875,0.8743590116500854,0.0,390.0
full_gnn,46,RBL103,True,255948,102,10.6,0.023773491382598877,0.035794731229543686,0.8975984454154968,0.9492209553718567,0.8964497447013855,0.699211061000824,2028.0,0.0439491793513298,0.0741797536611557,0.5602161884307861,0.8305266499519348,0.892011821269989,0.0,2028.0
full_gnn,46,RBL11,True,255948,216,20.3,0.01750686950981617,0.02725554257631302,0.9280369877815247,0.9642744660377502,0.9304733872413635,0.8565089106559753,2028.0,0.04470333829522133,0.07624229788780212,0.43689197301864624,0.7770991921424866,0.8767258524894714,0.0,2028.0
full_gnn,46,RBL110,True,255948,204,19.3,0.021578000858426094,0.03167039155960083,0.8959885239601135,0.948104977607727,0.8767258524894714,0.7287968397140503,2028.0,0.04100631922483444,0.06550293415784836,0.5550657510757446,0.815022885799408,0.7988165616989136,0.0,2028.0
full_gnn,46,RBL111,True,255948,187,18.0,0.01757247932255268,0.03088301047682762,0.9074550867080688,0.9526639580726624,0.9260355234146118,0.8584812879562378,2028.0,0.042995624244213104,0.0747719556093216,0.45751112699508667,0.7680412530899048,0.8673570156097412,0.0,2028.0
full_gnn,46,RBL12,True,255948,305,28.2,0.021586451679468155,0.03342387080192566,0.8755648732185364,0.9423232674598694,0.9373767375946045,0.8136094808578491,2028.0,0.039363469928503036,0.06330520659685135,0.5536162853240967,0.8342556357383728,0.8856015801429749,0.0,2028.0
full_gnn,46,RBL159,True,255948,129,13.0,0.06501521170139313,0.07838982343673706,0.33896857500076294,0.6844425797462463,0.8971028923988342,0.564935028553009,2002.0,0.03542280197143555,0.046558231115341187,0.7668176889419556,0.8975517153739929,0.8306692838668823,0.0,2002.0
full_gnn,46,RBL22,True,255948,186,18.0,0.021538278087973595,0.03613036870956421,0.8820329308509827,0.9400661587715149,0.9314596056938171,0.8067061305046082,2028.0,0.04570047929883003,0.07763896137475967,0.45527732372283936,0.7517364621162415,0.8796844482421875,0.0,2028.0
full_gnn,46,RBL391,False,255948,125,12.6,0.020150329917669296,0.028464285656809807,0.8815428614616394,0.9561652541160583,0.8974359035491943,0.5333333611488342,390.0,0.022069230675697327,0.03772972151637077,0.7918732762336731,0.9222732782363892,0.8538461923599243,0.0,390.0
no_graph,42,AN04,False,169924,162,7.8,0.017862467095255852,0.02704930678009987,0.9231361150741577,0.9655941128730774,0.8307692408561707,0.6794872283935547,390.0,0.02233966998755932,0.03592103347182274,0.8644474148750305,0.9588342308998108,0.7974359393119812,0.0,390.0
no_graph,42,AN07,False,169924,92,4.9,0.033215608447790146,0.04915756732225418,0.5709949731826782,0.853110134601593,0.9076923131942749,0.7846153974533081,390.0,0.04825698211789131,0.07255915552377701,0.06531327962875366,0.499453067779541,0.8717948794364929,0.0,390.0
no_graph,42,AN08,False,169924,215,10.2,0.022343818098306656,0.034664373844861984,0.7598710060119629,0.8771394491195679,0.8615384697914124,0.7974359393119812,390.0,0.042234309017658234,0.06288208812475204,0.20980972051620483,0.5777809619903564,0.7666667103767395,0.0,390.0
no_graph,42,AN09,False,169924,159,7.8,0.017644314095377922,0.02888437919318676,0.847192108631134,0.9238563776016235,0.848717987537384,0.6948718428611755,390.0,0.021865902468562126,0.03904681280255318,0.7207514643669128,0.8661206364631653,0.6717948913574219,0.0,390.0
no_graph,42,AN10,False,169924,98,5.1,0.02025257796049118,0.03047904558479786,0.8888469338417053,0.9444910883903503,0.9435897469520569,0.7256410717964172,390.0,0.024638397619128227,0.03869374841451645,0.8208568096160889,0.9128826856613159,0.8564102649688721,0.0,390.0
no_graph,42,AN11,False,169924,94,4.9,0.02168215811252594,0.03173534944653511,0.8452520370483398,0.9231440424919128,0.8717948794364929,0.7717949151992798,390.0,0.033684566617012024,0.04877995327115059,0.6343873739242554,0.8127267956733704,0.8153846263885498,0.0,390.0
no_graph,42,AN18,False,169924,165,7.9,0.013250586576759815,0.01975507102906704,0.9571009874343872,0.9784254431724548,0.8410256505012512,0.7102564573287964,390.0,0.0213072020560503,0.03441827744245529,0.8697828054428101,0.9520304799079895,0.8230769634246826,0.0,390.0
no_graph,42,AN19,False,169924,90,4.7,0.030142981559038162,0.04549861699342728,0.7506808638572693,0.889873743057251,0.8871794939041138,0.6948718428611755,390.0,0.05419232323765755,0.08235189318656921,0.1832175850868225,0.5743292570114136,0.7794871926307678,0.0,390.0
no_graph,42,AN20,False,169924,88,4.6,0.01718558557331562,0.027358556166291237,0.9199352264404297,0.9636863470077515,0.8692308068275452,0.684615433216095,390.0,0.0217701755464077,0.03608337789773941,0.8607261180877686,0.9552841782569885,0.8769230842590332,0.0,390.0
no_graph,42,AN21,False,169924,89,4.8,0.016395701095461845,0.022653568536043167,0.9398003220558167,0.9709595441818237,0.9589743614196777,0.6589744091033936,390.0,0.02019401453435421,0.03345860168337822,0.8686783313751221,0.9461004734039307,0.928205132484436,0.0,390.0
no_graph,42,AN23,False,169924,106,5.7,0.03864232823252678,0.050521478056907654,0.7798243165016174,0.9329320788383484,0.9512820839881897,0.9461538791656494,390.0,0.09891825169324875,0.13378921151161194,-0.5440431833267212,0.46988314390182495,0.8435897827148438,0.0,390.0
no_graph,42,AN24,False,169924,86,4.7,0.0380605012178421,0.04993358999490738,0.24339324235916138,0.7275932431221008,0.8230769634246826,0.8051282167434692,390.0,0.037296492606401443,0.04713437333703041,0.325844407081604,0.6648391485214233,0.7025641202926636,0.0,390.0
no_graph,42,AN25,False,169924,94,4.9,0.021231384947896004,0.03113267384469509,0.8409820199012756,0.92186039686203,0.8743590116500854,0.7589743733406067,390.0,0.030525119975209236,0.04564906656742096,0.6581171751022339,0.8343436121940613,0.8384615778923035,0.0,390.0
no_graph,42,AN26,False,169924,89,4.7,0.025568151846528053,0.03535257279872894,0.7060679197311401,0.8665353059768677,0.7974359393119812,0.7871795296669006,390.0,0.03530703857541084,0.04432447999715805,0.5379465818405151,0.7845624089241028,0.7230769395828247,0.0,390.0
no_graph,42,AN27,False,169924,84,4.6,0.02256641909480095,0.03174746409058571,0.9195823669433594,0.9594098329544067,0.928205132484436,0.8538461923599243,390.0,0.06701343506574631,0.0931733250617981,0.30734556913375854,0.7885197997093201,0.800000011920929,0.0,390.0
no_graph,42,AN28,False,169924,131,8.8,0.020431553944945335,0.026692770421504974,0.8431768417358398,0.9192056655883789,0.8871794939041138,0.8102564215660095,390.0,0.03741391748189926,0.04828784614801407,0.4867858290672302,0.7770999670028687,0.8102564215660095,0.0,390.0
no_graph,42,AN29,False,169924,97,6.6,0.04748379811644554,0.06279686093330383,0.26738905906677246,0.8450271487236023,0.8538461923599243,0.7769231200218201,390.0,0.043065086007118225,0.05828596651554108,0.36886024475097656,0.7556945085525513,0.6794872283935547,0.0,390.0
no_graph,42,AN30,False,169924,129,8.6,0.03299631178379059,0.046695318073034286,0.4664614796638489,0.8306793570518494,0.812820553779602,0.8538461923599243,390.0,0.03594708442687988,0.04576510936021805,0.4875067472457886,0.7606310248374939,0.7923077344894409,0.0,390.0
no_graph,42,AN31,False,169924,159,9.5,0.03365468978881836,0.04247177019715309,0.8816672563552856,0.9586204290390015,0.9256410598754883,0.8564102649688721,390.0,0.09571103006601334,0.13214997947216034,-0.14561426639556885,0.6806185245513916,0.9256410598754883,0.0,390.0
no_graph,42,AN32,False,169924,126,8.8,0.01949876919388771,0.025239763781428337,0.8664497137069702,0.9314993023872375,0.9153846502304077,0.8564102649688721,390.0,0.04212597757577896,0.056466296315193176,0.33157479763031006,0.694423496723175,0.7358974814414978,0.0,390.0
no_graph,42,AN33,False,169924,106,6.2,0.060414869338274,0.08027997612953186,0.4024500250816345,0.8534209728240967,0.8743590116500854,0.7897436022758484,390.0,0.03755120560526848,0.0489724837243557,0.7776362299919128,0.8923444151878357,0.6820513010025024,0.0,390.0
no_graph,42,AN34,False,169924,87,5.4,0.03580731153488159,0.044959574937820435,0.8401496410369873,0.9486256837844849,0.9487179517745972,0.8666666746139526,390.0,0.09287919849157333,0.12548065185546875,-0.245153546333313,0.5838490724563599,0.9179487228393555,0.0,390.0
no_graph,42,AN35,False,169924,161,8.7,0.03701673075556755,0.05054985731840134,0.8211668729782104,0.9452202916145325,0.9179487228393555,0.9256410598754883,390.0,0.10187828540802002,0.13658151030540466,-0.3055450916290283,0.630775511264801,0.8666666746139526,0.0,390.0
no_graph,42,AN36,False,169924,86,4.9,0.04575616493821144,0.06154980883002281,0.8197728991508484,0.9646878838539124,0.9461538791656494,0.8692308068275452,390.0,0.08691771328449249,0.12324360013008118,0.2774040699005127,0.8097381591796875,0.920512855052948,0.0,390.0
no_graph,42,AN37,False,169924,162,8.6,0.01537431962788105,0.02492430992424488,0.914159893989563,0.9571795463562012,0.8948718309402466,0.7487179636955261,390.0,0.022658901289105415,0.038611672818660736,0.793993353843689,0.9143104553222656,0.8384615778923035,0.0,390.0
no_graph,42,AN38,False,169924,159,8.4,0.028898535296320915,0.0424908809363842,0.7855043411254883,0.9209862947463989,0.9615384936332703,0.8692308068275452,390.0,0.061323873698711395,0.09047810733318329,0.027445316314697266,0.5515920519828796,0.8589743971824646,0.0,390.0
no_graph,42,AN41,False,169924,98,5.3,0.03499019891023636,0.04981992393732071,0.6607925891876221,0.8550681471824646,0.9410256743431091,0.7615385055541992,390.0,0.049811940640211105,0.07342291623353958,0.26324617862701416,0.6394153237342834,0.8769230842590332,0.0,390.0
no_graph,42,AN42,False,169924,106,7.1,0.019516218453645706,0.02791113778948784,0.9026565551757812,0.957623302936554,0.8435897827148438,0.5820512771606445,390.0,0.02173314057290554,0.036288704723119736,0.8354512453079224,0.9247941374778748,0.7794871926307678,0.0,390.0
no_graph,42,AN43,False,169924,127,7.9,0.024253318086266518,0.035088419914245605,0.7198178768157959,0.9015937447547913,0.9128205180168152,0.8717948794364929,390.0,0.03554243966937065,0.04720228537917137,0.4929637908935547,0.7575814723968506,0.8282051682472229,0.0,390.0
no_graph,42,AN44,False,169924,128,8.0,0.017277792096138,0.027264686301350594,0.9087975025177002,0.9550309777259827,0.9769231081008911,0.9128205180168152,390.0,0.06446009874343872,0.0883944109082222,0.041360437870025635,0.6747174263000488,0.8076923489570618,0.0,390.0
no_graph,42,AN45,False,169924,131,8.1,0.03639118745923042,0.04772438853979111,0.81767737865448,0.9475914239883423,0.9230769276618958,0.8948718309402466,390.0,0.09461848437786102,0.13030333817005157,-0.35916101932525635,0.5553541779518127,0.8666666746139526,0.0,390.0
no_graph,42,AN46,False,169924,90,5.6,0.028199607506394386,0.04024244472384453,0.6856133937835693,0.8710076212882996,0.8282051682472229,0.6538461446762085,390.0,0.023226652294397354,0.03812740370631218,0.7177916765213013,0.8773975968360901,0.8282051682472229,0.0,390.0
no_graph,42,AN47,False,169924,124,7.9,0.02094571851193905,0.03159045800566673,0.8321661949157715,0.9218961596488953,0.7897436022758484,0.6025640964508057,390.0,0.02479369007050991,0.041987814009189606,0.7035071849822998,0.8619070649147034,0.7307692766189575,0.0,390.0
no_graph,42,AN48,False,169924,158,9.4,0.03625250607728958,0.05280621722340584,0.6939005851745605,0.8749013543128967,0.920512855052948,0.7589743733406067,390.0,0.052349481731653214,0.07696951925754547,0.34967589378356934,0.7082787752151489,0.9128205180168152,0.0,390.0
no_graph,42,AN49,False,169924,167,9.7,0.027013419196009636,0.038436345756053925,0.6424497365951538,0.8834260106086731,0.7435897588729858,0.7128205299377441,390.0,0.02139812521636486,0.037926383316516876,0.6518745422363281,0.8354940414428711,0.7179487347602844,0.0,390.0
no_graph,42,AN50,False,169924,99,6.3,0.01784197799861431,0.02694873884320259,0.870874285697937,0.936699628829956,0.8307692408561707,0.6589744091033936,390.0,0.02101154439151287,0.0362025648355484,0.7669685482978821,0.8911349773406982,0.812820553779602,0.0,390.0
no_graph,42,AN51,False,169924,115,7.1,0.01745028793811798,0.024800816550850868,0.8577347993850708,0.9321796298027039,0.9179487228393555,0.8230769634246826,390.0,0.04207058623433113,0.062049269676208496,0.10948735475540161,0.5339223742485046,0.9102564454078674,0.0,390.0
no_graph,42,AN52,False,169924,89,6.1,0.05231276527047157,0.07900933176279068,0.42007124423980713,0.7593767642974854,0.8589743971824646,0.6820513010025024,390.0,0.05569162964820862,0.08127719163894653,0.38630127906799316,0.7298445105552673,0.9000000357627869,0.0,390.0
no_graph,42,AN53,False,169924,88,5.4,0.026018517091870308,0.0400845929980278,0.8460997343063354,0.9259127974510193,0.9589743614196777,0.8384615778923035,390.0,0.07413025945425034,0.0999029278755188,0.04403775930404663,0.7084447145462036,0.9307692646980286,0.0,390.0
no_graph,42,AN54,False,169924,106,6.7,0.025232849642634392,0.03655053302645683,0.7958937883377075,0.9081518054008484,0.884615421295166,0.728205144405365,390.0,0.03311216086149216,0.04519224539399147,0.6879698038101196,0.8465177416801453,0.884615421295166,0.0,390.0
no_graph,42,AN55,False,169924,117,7.4,0.04298681765794754,0.06956970691680908,0.585145890712738,0.8214216828346252,0.9435897469520569,0.7410256862640381,390.0,0.05479399859905243,0.08724340796470642,0.3475903868675232,0.6906450986862183,0.8743590116500854,0.0,390.0
no_graph,42,AN57,False,169924,129,8.3,0.0271014254540205,0.04304012283682823,0.7643761038780212,0.8945559859275818,0.7974359393119812,0.7538461685180664,390.0,0.03513285517692566,0.05174892768263817,0.6593761444091797,0.8323850631713867,0.7358974814414978,0.0,390.0
no_graph,42,AN58,False,169924,89,5.5,0.02198067307472229,0.033298540860414505,0.9404963254928589,0.9752620458602905,0.95641028881073,0.8307692408561707,390.0,0.0650513619184494,0.09373891353607178,0.5284440517425537,0.8658540844917297,0.8256410360336304,0.0,390.0
no_graph,42,AN59,False,169924,105,5.8,0.018441341817378998,0.0274928268045187,0.8832013010978699,0.9456201195716858,0.8948718309402466,0.6384615302085876,390.0,0.020798824727535248,0.03590729460120201,0.8007655143737793,0.9169149398803711,0.8410256505012512,0.0,390.0
no_graph,42,AN62,False,169924,127,6.5,0.022396326065063477,0.029848892241716385,0.9617774486541748,0.9842422604560852,0.9692307710647583,0.7666667103767395,390.0,0.07884541898965836,0.11175479739904404,0.46420902013778687,0.8759009838104248,0.9000000357627869,0.0,390.0
no_graph,42,AN63,False,169924,143,7.8,0.02912326343357563,0.040517646819353104,0.9014080762863159,0.9510148167610168,0.9102564454078674,0.8589743971824646,390.0,0.06420966237783432,0.09031052142381668,0.5101877450942993,0.8215481042861938,0.7923077344894409,0.0,390.0
no_graph,42,AN65,False,169924,89,5.1,0.02357182279229164,0.033364783972501755,0.9473177790641785,0.9757127165794373,0.9794871807098389,0.8794872164726257,390.0,0.07196363061666489,0.10286451131105423,0.4992527365684509,0.8825613856315613,0.8717948794364929,0.0,390.0
no_graph,42,AN66,False,169924,78,4.5,0.01827680878341198,0.0270251352339983,0.9668928384780884,0.9837700128555298,0.9589743614196777,0.8435897827148438,390.0,0.06947623938322067,0.09837140142917633,0.5613442659378052,0.8829526901245117,0.9051282405853271,0.0,390.0
no_graph,42,AN67,False,169924,98,5.6,0.02462485432624817,0.033060360699892044,0.9127252101898193,0.9609927535057068,0.9102564454078674,0.8230769634246826,390.0,0.07979641854763031,0.11070315539836884,0.021425962448120117,0.7045205235481262,0.7461538910865784,0.0,390.0
no_graph,42,AN68,False,169924,128,6.6,0.018563320860266685,0.027091413736343384,0.9663469791412354,0.9837513566017151,0.9948718547821045,0.8948718309402466,390.0,0.07256140559911728,0.10253696143627167,0.5179170966148376,0.8828951716423035,0.8692308068275452,0.0,390.0
no_graph,42,AN69,False,169924,99,5.8,0.024951549246907234,0.03500349447131157,0.8184494376182556,0.9463626742362976,0.9333333373069763,0.7692307829856873,390.0,0.04779282584786415,0.0673258826136589,0.3283565640449524,0.7500608563423157,0.884615421295166,0.0,390.0
no_graph,42,AN70,False,169924,129,6.9,0.014474265277385712,0.02362646535038948,0.9203804731369019,0.965373158454895,0.8820512890815735,0.6487179398536682,390.0,0.01944071054458618,0.03477714583277702,0.8274916410446167,0.938083827495575,0.8333333730697632,0.0,390.0
no_graph,42,AN71,True,169924,115,6.1,0.10172312706708908,0.11336041986942291,0.038215041160583496,0.7008286118507385,0.4802761375904083,0.41863906383514404,2028.0,0.08166961371898651,0.0941234901547432,0.3369426131248474,0.7576279640197754,0.5330374836921692,0.0,2028.0
no_graph,42,RBL1,False,169924,79,4.8,0.021610835567116737,0.03234568238258362,0.8702511787414551,0.9491846561431885,0.7974359393119812,0.5615384578704834,390.0,0.020931610837578773,0.03714262694120407,0.8289133906364441,0.9470303058624268,0.8102564215660095,0.0,390.0
no_graph,42,RBL101,True,169924,98,5.2,0.023960476741194725,0.03838416188955307,0.8489589691162109,0.9231564402580261,0.9299802780151367,0.7381656765937805,2028.0,0.04768788442015648,0.08238724619150162,0.30415773391723633,0.6875008940696716,0.8831360936164856,0.0,2028.0
no_graph,42,RBL102,False,169924,116,6.4,0.01329079456627369,0.019195789471268654,0.9531956315040588,0.9780339002609253,0.9435897469520569,0.7095115780830383,390.0,0.01903075911104679,0.031996700912714005,0.869957685470581,0.9507333636283875,0.8743590116500854,0.0,390.0
no_graph,42,RBL103,True,169924,191,10.4,0.025068575516343117,0.03744402155280113,0.8879444599151611,0.9426751732826233,0.9072978496551514,0.6627218723297119,2028.0,0.0439491793513298,0.0741797536611557,0.5602161884307861,0.8305266499519348,0.892011821269989,0.0,2028.0
no_graph,42,RBL11,True,169924,87,5.7,0.020667728036642075,0.033170416951179504,0.8934136629104614,0.9459081292152405,0.925542414188385,0.860946774482727,2028.0,0.04470333829522133,0.07624229788780212,0.43689197301864624,0.7770991921424866,0.8767258524894714,0.0,2028.0
no_graph,42,RBL110,True,169924,129,7.0,0.024037780240178108,0.034583307802677155,0.875975489616394,0.935937225818634,0.8722879886627197,0.7352070808410645,2028.0,0.04100631922483444,0.06550293415784836,0.5550657510757446,0.815022885799408,0.7988165616989136,0.0,2028.0
no_graph,42,RBL111,True,169924,132,7.0,0.020870955660939217,0.03530152514576912,0.8790794014930725,0.9380694627761841,0.9117357134819031,0.8545364737510681,2028.0,0.042995624244213104,0.0747719556093216,0.45751112699508667,0.7680412530899048,0.8673570156097412,0.0,2028.0
no_graph,42,RBL12,True,169924,210,10.6,0.023802636191248894,0.03734953701496124,0.8446182608604431,0.9260349869728088,0.9378698468208313,0.7845167517662048,2028.0,0.039363469928503036,0.06330520659685135,0.5536162853240967,0.8342556357383728,0.8856015801429749,0.0,2028.0
no_graph,42,RBL159,True,169924,70,4.0,0.053719718009233475,0.06832096725702286,0.49787628650665283,0.7384524345397949,0.8316683173179626,0.4645354449748993,2002.0,0.03542280197143555,0.046558231115341187,0.7668176889419556,0.8975517153739929,0.8306692838668823,0.0,2002.0
no_graph,42,RBL22,True,169924,124,6.9,0.028846198692917824,0.04623644798994064,0.8068099021911621,0.9111544489860535,0.9151873588562012,0.8047337532043457,2028.0,0.04570047929883003,0.07763896137475967,0.45527732372283936,0.7517364621162415,0.8796844482421875,0.0,2028.0
no_graph,42,RBL391,False,169924,102,5.9,0.025806423276662827,0.03573615103960037,0.813286304473877,0.9362993836402893,0.8794872164726257,0.48461538553237915,390.0,0.022069230675697327,0.03772972151637077,0.7918732762336731,0.9222732782363892,0.8538461923599243,0.0,390.0
no_graph,43,AN04,False,169924,22,1.9,0.020206572487950325,0.03398739546537399,0.8786482810974121,0.9565009474754333,0.8358974456787109,0.7615385055541992,390.0,0.02233966998755932,0.03592103347182274,0.8644474148750305,0.9588342308998108,0.7974359393119812,0.0,390.0
no_graph,43,AN07,False,169924,21,1.9,0.03378063812851906,0.05560559034347534,0.4510679841041565,0.7432366013526917,0.8641026020050049,0.7538461685180664,390.0,0.04825698211789131,0.07255915552377701,0.06531327962875366,0.499453067779541,0.8717948794364929,0.0,390.0
no_graph,43,AN08,False,169924,112,6.5,0.02827087789773941,0.043911099433898926,0.6146756410598755,0.7955275177955627,0.7974359393119812,0.7538461685180664,390.0,0.042234309017658234,0.06288208812475204,0.20980972051620483,0.5777809619903564,0.7666667103767395,0.0,390.0
no_graph,43,AN09,False,169924,112,6.3,0.019211824983358383,0.03213970363140106,0.8108077049255371,0.9082716107368469,0.8179487586021423,0.6589744091033936,390.0,0.021865902468562126,0.03904681280255318,0.7207514643669128,0.8661206364631653,0.6717948913574219,0.0,390.0
no_graph,43,AN10,False,169924,194,11.2,0.018827809020876884,0.028785519301891327,0.9008558988571167,0.9492949843406677,0.9461538791656494,0.8025641441345215,390.0,0.024638397619128227,0.03869374841451645,0.8208568096160889,0.9128826856613159,0.8564102649688721,0.0,390.0
no_graph,43,AN11,False,169924,132,7.3,0.0208884384483099,0.03211115673184395,0.8415652513504028,0.9189102053642273,0.892307698726654,0.7743589878082275,390.0,0.033684566617012024,0.04877995327115059,0.6343873739242554,0.8127267956733704,0.8153846263885498,0.0,390.0
no_graph,43,AN18,False,169924,191,10.7,0.016299542039632797,0.024595845490694046,0.9335012435913086,0.967285692691803,0.8435897827148438,0.728205144405365,390.0,0.0213072020560503,0.03441827744245529,0.8697828054428101,0.9520304799079895,0.8230769634246826,0.0,390.0
no_graph,43,AN19,False,169924,120,7.1,0.029952246695756912,0.046081192791461945,0.7442553043365479,0.8833842873573303,0.8948718309402466,0.7025641202926636,390.0,0.05419232323765755,0.08235189318656921,0.1832175850868225,0.5743292570114136,0.7794871926307678,0.0,390.0
no_graph,43,AN20,False,169924,185,9.5,0.016376398503780365,0.02727273479104042,0.9204367399215698,0.9630669951438904,0.892307698726654,0.7025641202926636,390.0,0.0217701755464077,0.03608337789773941,0.8607261180877686,0.9552841782569885,0.8769230842590332,0.0,390.0
no_graph,43,AN21,False,169924,113,6.7,0.01721096970140934,0.025393646210432053,0.9243565797805786,0.9641011357307434,0.9692307710647583,0.6615384817123413,390.0,0.02019401453435421,0.03345860168337822,0.8686783313751221,0.9461004734039307,0.928205132484436,0.0,390.0
no_graph,43,AN23,False,169924,69,4.1,0.03921806812286377,0.05023433268070221,0.7823200225830078,0.9239944815635681,0.9230769276618958,0.9051282405853271,390.0,0.09891825169324875,0.13378921151161194,-0.5440431833267212,0.46988314390182495,0.8435897827148438,0.0,390.0
no_graph,43,AN24,False,169924,73,4.4,0.032384201884269714,0.044200338423252106,0.4071621894836426,0.7550626993179321,0.8256410360336304,0.8051282167434692,390.0,0.037296492606401443,0.04713437333703041,0.325844407081604,0.6648391485214233,0.7025641202926636,0.0,390.0
no_graph,43,AN25,False,169924,188,9.8,0.019723515957593918,0.030652204528450966,0.8458523750305176,0.9224567413330078,0.8794872164726257,0.7794871926307678,390.0,0.030525119975209236,0.04564906656742096,0.6581171751022339,0.8343436121940613,0.8384615778923035,0.0,390.0
no_graph,43,AN26,False,169924,240,12.5,0.024864640086889267,0.03468331694602966,0.71709144115448,0.8858593106269836,0.800000011920929,0.812820553779602,390.0,0.03530703857541084,0.04432447999715805,0.5379465818405151,0.7845624089241028,0.7230769395828247,0.0,390.0
no_graph,43,AN27,False,169924,124,6.6,0.024193383753299713,0.03325081616640091,0.911785900592804,0.956599235534668,0.9179487228393555,0.8871794939041138,390.0,0.06701343506574631,0.0931733250617981,0.30734556913375854,0.7885197997093201,0.800000011920929,0.0,390.0
no_graph,43,AN28,False,169924,22,2.1,0.02977793850004673,0.039366599172353745,0.6589023470878601,0.8285385966300964,0.8333333730697632,0.7564103007316589,390.0,0.03741391748189926,0.04828784614801407,0.4867858290672302,0.7770999670028687,0.8102564215660095,0.0,390.0
no_graph,43,AN29,False,169924,22,2.0,0.0535433366894722,0.07381632924079895,-0.012284040451049805,0.7654975056648254,0.8230769634246826,0.7794871926307678,390.0,0.043065086007118225,0.05828596651554108,0.36886024475097656,0.7556945085525513,0.6794872283935547,0.0,390.0
no_graph,43,AN30,False,169924,119,6.3,0.036919672042131424,0.05204571783542633,0.3371899127960205,0.7970548272132874,0.7717949151992798,0.812820553779602,390.0,0.03594708442687988,0.04576510936021805,0.4875067472457886,0.7606310248374939,0.7923077344894409,0.0,390.0
no_graph,43,AN31,False,169924,22,2.2,0.04301861673593521,0.05463207885622978,0.8042058944702148,0.9136565923690796,0.9256410598754883,0.848717987537384,390.0,0.09571103006601334,0.13214997947216034,-0.14561426639556885,0.6806185245513916,0.9256410598754883,0.0,390.0
no_graph,43,AN32,False,169924,22,1.9,0.031185872852802277,0.043037448078393936,0.6117001175880432,0.8003395795822144,0.8769230842590332,0.7692307829856873,390.0,0.04212597757577896,0.056466296315193176,0.33157479763031006,0.694423496723175,0.7358974814414978,0.0,390.0
no_graph,43,AN33,False,169924,218,11.4,0.06182977929711342,0.0827144980430603,0.36565858125686646,0.856389045715332,0.8743590116500854,0.8102564215660095,390.0,0.03755120560526848,0.0489724837243557,0.7776362299919128,0.8923444151878357,0.6820513010025024,0.0,390.0
no_graph,43,AN34,False,169924,185,10.6,0.031155038625001907,0.039209891110658646,0.8784204125404358,0.9510780572891235,0.9794871807098389,0.8538461923599243,390.0,0.09287919849157333,0.12548065185546875,-0.245153546333313,0.5838490724563599,0.9179487228393555,0.0,390.0
no_graph,43,AN35,False,169924,22,2.1,0.04688020423054695,0.06110116094350815,0.7387195229530334,0.889991819858551,0.8666666746139526,0.9051282405853271,390.0,0.10187828540802002,0.13658151030540466,-0.3055450916290283,0.630775511264801,0.8666666746139526,0.0,390.0
no_graph,43,AN36,False,169924,22,1.8,0.060076311230659485,0.08422353118658066,0.6625311970710754,0.9189845323562622,0.9538461565971375,0.8794872164726257,390.0,0.08691771328449249,0.12324360013008118,0.2774040699005127,0.8097381591796875,0.920512855052948,0.0,390.0
no_graph,43,AN37,False,169924,22,2.2,0.022782133892178535,0.03751851245760918,0.8054930567741394,0.9123666882514954,0.720512866973877,0.5589743852615356,390.0,0.022658901289105415,0.038611672818660736,0.793993353843689,0.9143104553222656,0.8384615778923035,0.0,390.0
no_graph,43,AN38,False,169924,22,1.9,0.03971092030405998,0.05756022036075592,0.6063846945762634,0.8504964113235474,0.8974359035491943,0.7666667103767395,390.0,0.061323873698711395,0.09047810733318329,0.027445316314697266,0.5515920519828796,0.8589743971824646,0.0,390.0
no_graph,43,AN41,False,169924,22,1.9,0.04675187170505524,0.06749004125595093,0.3775011897087097,0.6913561224937439,0.892307698726654,0.6102564334869385,390.0,0.049811940640211105,0.07342291623353958,0.26324617862701416,0.6394153237342834,0.8769230842590332,0.0,390.0
no_graph,43,AN42,False,169924,22,1.9,0.022001029923558235,0.03572803735733032,0.8404965996742249,0.9245151877403259,0.7820513248443604,0.5230769515037537,390.0,0.02173314057290554,0.036288704723119736,0.8354512453079224,0.9247941374778748,0.7794871926307678,0.0,390.0
no_graph,43,AN43,False,169924,146,7.7,0.023625869303941727,0.034588344395160675,0.7277471423149109,0.8915129899978638,0.8897436261177063,0.8615384697914124,390.0,0.03554243966937065,0.04720228537917137,0.4929637908935547,0.7575814723968506,0.8282051682472229,0.0,390.0
no_graph,43,AN44,False,169924,22,1.9,0.026324355974793434,0.043548814952373505,0.7673203349113464,0.8802962899208069,0.8897436261177063,0.8461538553237915,390.0,0.06446009874343872,0.0883944109082222,0.041360437870025635,0.6747174263000488,0.8076923489570618,0.0,390.0
no_graph,43,AN45,False,169924,22,1.9,0.04558052867650986,0.057902742177248,0.7316150665283203,0.8924390077590942,0.8948718309402466,0.8871794939041138,390.0,0.09461848437786102,0.13030333817005157,-0.35916101932525635,0.5553541779518127,0.8666666746139526,0.0,390.0
no_graph,43,AN46,False,169924,22,2.2,0.023524722084403038,0.038784053176641464,0.7079873085021973,0.8721269965171814,0.8076923489570618,0.5076923370361328,390.0,0.023226652294397354,0.03812740370631218,0.7177916765213013,0.8773975968360901,0.8282051682472229,0.0,390.0
no_graph,43,AN47,False,169924,22,2.0,0.02467973716557026,0.041059061884880066,0.7164786458015442,0.8663346767425537,0.692307710647583,0.5615384578704834,390.0,0.02479369007050991,0.041987814009189606,0.7035071849822998,0.8619070649147034,0.7307692766189575,0.0,390.0
no_graph,43,AN48,False,169924,22,1.8,0.049996569752693176,0.07225548475980759,0.4268953204154968,0.7342022657394409,0.9179487228393555,0.6153846383094788,390.0,0.052349481731653214,0.07696951925754547,0.34967589378356934,0.7082787752151489,0.9128205180168152,0.0,390.0
no_graph,43,AN49,False,169924,188,10.5,0.026548422873020172,0.040024351328611374,0.6122948527336121,0.8521510362625122,0.7615385055541992,0.7000000476837158,390.0,0.02139812521636486,0.037926383316516876,0.6518745422363281,0.8354940414428711,0.7179487347602844,0.0,390.0
no_graph,43,AN50,False,169924,22,2.0,0.021192604675889015,0.03504015505313873,0.7816929221153259,0.8952829837799072,0.7743589878082275,0.5974358916282654,390.0,0.02101154439151287,0.0362025648355484,0.7669685482978821,0.8911349773406982,0.812820553779602,0.0,390.0
no_graph,43,AN51,False,169924,147,7.8,0.017656566575169563,0.026495277881622314,0.8376307487487793,0.9286368489265442,0.8974359035491943,0.800000011920929,390.0,0.04207058623433113,0.062049269676208496,0.10948735475540161,0.5339223742485046,0.9102564454078674,0.0,390.0
no_graph,43,AN52,False,169924,22,1.9,0.058582454919815063,0.08491641283035278,0.3301135301589966,0.6888569593429565,0.7179487347602844,0.38461539149284363,390.0,0.05569162964820862,0.08127719163894653,0.38630127906799316,0.7298445105552673,0.9000000357627869,0.0,390.0
no_graph,43,AN53,False,169924,22,2.1,0.03397654369473457,0.05752372741699219,0.68305903673172,0.8510092496871948,0.9000000357627869,0.8205128312110901,390.0,0.07413025945425034,0.0999029278755188,0.04403775930404663,0.7084447145462036,0.9307692646980286,0.0,390.0
no_graph,43,AN54,False,169924,22,2.5,0.031532399356365204,0.044596169143915176,0.6961467862129211,0.8494997620582581,0.8333333730697632,0.6615384817123413,390.0,0.03311216086149216,0.04519224539399147,0.6879698038101196,0.8465177416801453,0.884615421295166,0.0,390.0
no_graph,43,AN55,False,169924,22,2.3,0.049051910638809204,0.0778949186205864,0.47991621494293213,0.7549698948860168,0.884615421295166,0.7333333492279053,390.0,0.05479399859905243,0.08724340796470642,0.3475903868675232,0.6906450986862183,0.8743590116500854,0.0,390.0
no_graph,43,AN57,False,169924,22,2.3,0.03360160440206528,0.05106303095817566,0.6683458089828491,0.8323162794113159,0.7743589878082275,0.6641026139259338,390.0,0.03513285517692566,0.05174892768263817,0.6593761444091797,0.8323850631713867,0.7358974814414978,0.0,390.0
no_graph,43,AN58,False,169924,22,2.2,0.024723080918192863,0.04195701703429222,0.9055281281471252,0.9583746194839478,0.9461538791656494,0.8358974456787109,390.0,0.0650513619184494,0.09373891353607178,0.5284440517425537,0.8658540844917297,0.8256410360336304,0.0,390.0
no_graph,43,AN59,False,169924,22,2.3,0.021668512374162674,0.035432688891887665,0.8059974908828735,0.9137870669364929,0.7589743733406067,0.5,390.0,0.020798824727535248,0.03590729460120201,0.8007655143737793,0.9169149398803711,0.8410256505012512,0.0,390.0
no_graph,43,AN62,False,169924,90,5.9,0.02653471939265728,0.03607095405459404,0.944181501865387,0.9735603928565979,0.9512820839881897,0.7794871926307678,390.0,0.07884541898965836,0.11175479739904404,0.46420902013778687,0.8759009838104248,0.9000000357627869,0.0,390.0
no_graph,43,AN63,False,169924,22,2.3,0.0354774184525013,0.05099368840456009,0.8438342809677124,0.92098069190979,0.892307698726654,0.7589743733406067,390.0,0.06420966237783432,0.09031052142381668,0.5101877450942993,0.8215481042861938,0.7923077344894409,0.0,390.0
no_graph,43,AN65,False,169924,117,7.8,0.026719119399785995,0.0369858518242836,0.9352620840072632,0.9725762009620667,0.964102566242218,0.8615384697914124,390.0,0.07196363061666489,0.10286451131105423,0.4992527365684509,0.8825613856315613,0.8717948794364929,0.0,390.0
no_graph,43,AN66,False,169924,74,5.7,0.018512995913624763,0.028970491141080856,0.9619549512863159,0.9821558594703674,0.9384615421295166,0.8564102649688721,390.0,0.06947623938322067,0.09837140142917633,0.5613442659378052,0.8829526901245117,0.9051282405853271,0.0,390.0
no_graph,43,AN67,False,169924,107,6.4,0.026931514963507652,0.03602784126996994,0.8963545560836792,0.9500357508659363,0.9025641083717346,0.8282051682472229,390.0,0.07979641854763031,0.11070315539836884,0.021425962448120117,0.7045205235481262,0.7461538910865784,0.0,390.0
no_graph,43,AN68,False,169924,166,10.2,0.020283514633774757,0.03271673247218132,0.9509204626083374,0.9793821573257446,0.9743589758872986,0.8897436261177063,390.0,0.07256140559911728,0.10253696143627167,0.5179170966148376,0.8828951716423035,0.8692308068275452,0.0,390.0
no_graph,43,AN69,False,169924,118,7.2,0.022197382524609566,0.030554108321666718,0.8616707921028137,0.9505524039268494,0.9256410598754883,0.8051282167434692,390.0,0.04779282584786415,0.0673258826136589,0.3283565640449524,0.7500608563423157,0.884615421295166,0.0,390.0
no_graph,43,AN70,False,169924,147,8.5,0.015501848421990871,0.026902230456471443,0.8967717289924622,0.9573309421539307,0.8538461923599243,0.6897436380386353,390.0,0.01944071054458618,0.03477714583277702,0.8274916410446167,0.938083827495575,0.8333333730697632,0.0,390.0
no_graph,43,AN71,True,169924,175,9.3,0.09741510450839996,0.10834787786006927,0.1213904619216919,0.7177252173423767,0.5019723773002625,0.4832347333431244,2028.0,0.08166961371898651,0.0941234901547432,0.3369426131248474,0.7576279640197754,0.5330374836921692,0.0,2028.0
no_graph,43,RBL1,False,169924,91,5.0,0.020959248766303062,0.0326131209731102,0.8680967688560486,0.950539767742157,0.8230769634246826,0.5820512771606445,390.0,0.020931610837578773,0.03714262694120407,0.8289133906364441,0.9470303058624268,0.8102564215660095,0.0,390.0
no_graph,43,RBL101,True,169924,134,7.6,0.0225825197994709,0.035642221570014954,0.8697671890258789,0.933245062828064,0.9314596056938171,0.7460552453994751,2028.0,0.04768788442015648,0.08238724619150162,0.30415773391723633,0.6875008940696716,0.8831360936164856,0.0,2028.0
no_graph,43,RBL102,False,169924,89,5.8,0.015150542370975018,0.02336457185447216,0.9306590557098389,0.9665661454200745,0.9358974695205688,0.688946008682251,390.0,0.01903075911104679,0.031996700912714005,0.869957685470581,0.9507333636283875,0.8743590116500854,0.0,390.0
no_graph,43,RBL103,True,169924,113,7.2,0.025774462148547173,0.03937511146068573,0.8760883808135986,0.9382827877998352,0.8999013900756836,0.6932938694953918,2028.0,0.0439491793513298,0.0741797536611557,0.5602161884307861,0.8305266499519348,0.892011821269989,0.0,2028.0
no_graph,43,RBL11,True,169924,161,8.7,0.019251009449362755,0.0312599278986454,0.9053379893302917,0.9519857168197632,0.9280079007148743,0.8791913390159607,2028.0,0.04470333829522133,0.07624229788780212,0.43689197301864624,0.7770991921424866,0.8767258524894714,0.0,2028.0
no_graph,43,RBL110,True,169924,131,7.2,0.023496121168136597,0.03459262102842331,0.8759086728096008,0.9359365105628967,0.860946774482727,0.725838303565979,2028.0,0.04100631922483444,0.06550293415784836,0.5550657510757446,0.815022885799408,0.7988165616989136,0.0,2028.0
no_graph,43,RBL111,True,169924,113,6.8,0.02085341513156891,0.03546282649040222,0.8779718279838562,0.9371260404586792,0.9176528453826904,0.8234714269638062,2028.0,0.042995624244213104,0.0747719556093216,0.45751112699508667,0.7680412530899048,0.8673570156097412,0.0,2028.0
no_graph,43,RBL12,True,169924,122,6.4,0.023826614022254944,0.03742573782801628,0.8439836502075195,0.9254668951034546,0.9403353333473206,0.7879684567451477,2028.0,0.039363469928503036,0.06330520659685135,0.5536162853240967,0.8342556357383728,0.8856015801429749,0.0,2028.0
no_graph,43,RBL159,True,169924,112,6.6,0.05203498154878616,0.06445637345314026,0.5530751347541809,0.7700083255767822,0.8431568145751953,0.5119879841804504,2002.0,0.03542280197143555,0.046558231115341187,0.7668176889419556,0.8975517153739929,0.8306692838668823,0.0,2002.0
no_graph,43,RBL22,True,169924,196,10.4,0.03132200241088867,0.04998234286904335,0.7742388844490051,0.8980718851089478,0.9008876085281372,0.7810651063919067,2028.0,0.04570047929883003,0.07763896137475967,0.45527732372283936,0.7517364621162415,0.8796844482421875,0.0,2028.0
no_graph,43,RBL391,False,169924,103,5.9,0.02275833860039711,0.033407796174287796,0.8368239998817444,0.9343220591545105,0.8743590116500854,0.5333333611488342,390.0,0.022069230675697327,0.03772972151637077,0.7918732762336731,0.9222732782363892,0.8538461923599243,0.0,390.0
no_graph,44,AN04,False,169924,168,9.0,0.015425625257194042,0.024478547275066376,0.9370520710945129,0.9704102873802185,0.8256410360336304,0.6769230961799622,390.0,0.02233966998755932,0.03592103347182274,0.8644474148750305,0.9588342308998108,0.7974359393119812,0.0,390.0
no_graph,44,AN07,False,169924,87,4.8,0.027207480743527412,0.03988252952694893,0.7176114320755005,0.8915175199508667,0.9025641083717346,0.7948718070983887,390.0,0.04825698211789131,0.07255915552377701,0.06531327962875366,0.499453067779541,0.8717948794364929,0.0,390.0
no_graph,44,AN08,False,169924,122,6.6,0.025784805417060852,0.0400235615670681,0.6798825860023499,0.8264415860176086,0.7974359393119812,0.7897436022758484,390.0,0.042234309017658234,0.06288208812475204,0.20980972051620483,0.5777809619903564,0.7666667103767395,0.0,390.0
no_graph,44,AN09,False,169924,120,6.4,0.021034006029367447,0.03278997913002968,0.8030744791030884,0.9066926836967468,0.7743589878082275,0.620512843132019,390.0,0.021865902468562126,0.03904681280255318,0.7207514643669128,0.8661206364631653,0.6717948913574219,0.0,390.0
no_graph,44,AN10,False,169924,125,8.2,0.02033843658864498,0.028571929782629013,0.9023217558860779,0.9527355432510376,0.9333333373069763,0.6897436380386353,390.0,0.024638397619128227,0.03869374841451645,0.8208568096160889,0.9128826856613159,0.8564102649688721,0.0,390.0
no_graph,44,AN11,False,169924,73,4.8,0.023813502863049507,0.037230927497148514,0.7870163917541504,0.8936123847961426,0.848717987537384,0.7615385055541992,390.0,0.033684566617012024,0.04877995327115059,0.6343873739242554,0.8127267956733704,0.8153846263885498,0.0,390.0
no_graph,44,AN18,False,169924,76,4.5,0.019788388162851334,0.0312434583902359,0.8926978707313538,0.9532347321510315,0.7769231200218201,0.6051282286643982,390.0,0.0213072020560503,0.03441827744245529,0.8697828054428101,0.9520304799079895,0.8230769634246826,0.0,390.0
no_graph,44,AN19,False,169924,170,8.7,0.028984010219573975,0.04236401244997978,0.783850908279419,0.9054050445556641,0.8948718309402466,0.720512866973877,390.0,0.05419232323765755,0.08235189318656921,0.1832175850868225,0.5743292570114136,0.7794871926307678,0.0,390.0
no_graph,44,AN20,False,169924,122,6.4,0.016744090244174004,0.026242028921842575,0.9263368844985962,0.9659379720687866,0.8589743971824646,0.684615433216095,390.0,0.0217701755464077,0.03608337789773941,0.8607261180877686,0.9552841782569885,0.8769230842590332,0.0,390.0
no_graph,44,AN21,False,169924,126,6.7,0.016478534787893295,0.02354571223258972,0.9349653720855713,0.9677109718322754,0.9692307710647583,0.6615384817123413,390.0,0.02019401453435421,0.03345860168337822,0.8686783313751221,0.9461004734039307,0.928205132484436,0.0,390.0
no_graph,44,AN23,False,169924,107,5.8,0.03837157040834427,0.04956077039241791,0.7881183624267578,0.9244547486305237,0.8974359035491943,0.8820512890815735,390.0,0.09891825169324875,0.13378921151161194,-0.5440431833267212,0.46988314390182495,0.8435897827148438,0.0,390.0
no_graph,44,AN24,False,169924,77,4.5,0.04102768748998642,0.05434281378984451,0.10387444496154785,0.6926156282424927,0.7948718070983887,0.7794871926307678,390.0,0.037296492606401443,0.04713437333703041,0.325844407081604,0.6648391485214233,0.7025641202926636,0.0,390.0
no_graph,44,AN25,False,169924,121,6.6,0.02186979167163372,0.035069789737463,0.7982192039489746,0.9104688167572021,0.8615384697914124,0.7846153974533081,390.0,0.030525119975209236,0.04564906656742096,0.6581171751022339,0.8343436121940613,0.8384615778923035,0.0,390.0
no_graph,44,AN26,False,169924,106,5.8,0.02552357316017151,0.03536931797862053,0.7057893872261047,0.867226779460907,0.7769231200218201,0.8282051682472229,390.0,0.03530703857541084,0.04432447999715805,0.5379465818405151,0.7845624089241028,0.7230769395828247,0.0,390.0
no_graph,44,AN27,False,169924,167,8.8,0.021761203184723854,0.029634306207299232,0.9299314618110657,0.9656521081924438,0.9435897469520569,0.8512820601463318,390.0,0.06701343506574631,0.0931733250617981,0.30734556913375854,0.7885197997093201,0.800000011920929,0.0,390.0
no_graph,44,AN28,False,169924,167,8.4,0.021051980555057526,0.02746945060789585,0.8339179158210754,0.9138477444648743,0.8717948794364929,0.764102578163147,390.0,0.03741391748189926,0.04828784614801407,0.4867858290672302,0.7770999670028687,0.8102564215660095,0.0,390.0
no_graph,44,AN29,False,169924,126,6.7,0.04603119567036629,0.0612076073884964,0.30400151014328003,0.8458907604217529,0.884615421295166,0.8051282167434692,390.0,0.043065086007118225,0.05828596651554108,0.36886024475097656,0.7556945085525513,0.6794872283935547,0.0,390.0
no_graph,44,AN30,False,169924,125,6.6,0.028575066477060318,0.040168020874261856,0.6051974296569824,0.8557314872741699,0.8358974456787109,0.8410256505012512,390.0,0.03594708442687988,0.04576510936021805,0.4875067472457886,0.7606310248374939,0.7923077344894409,0.0,390.0
no_graph,44,AN31,False,169924,119,6.4,0.03486935794353485,0.04434804990887642,0.8709810972213745,0.9604122638702393,0.9384615421295166,0.8692308068275452,390.0,0.09571103006601334,0.13214997947216034,-0.14561426639556885,0.6806185245513916,0.9256410598754883,0.0,390.0
no_graph,44,AN32,False,169924,107,5.8,0.023236583918333054,0.029629113152623177,0.8159602880477905,0.9046955108642578,0.8820512890815735,0.8512820601463318,390.0,0.04212597757577896,0.056466296315193176,0.33157479763031006,0.694423496723175,0.7358974814414978,0.0,390.0
no_graph,44,AN33,False,169924,119,6.3,0.06436111778020859,0.0840442106127739,0.3450993299484253,0.8538743257522583,0.8717948794364929,0.7871795296669006,390.0,0.03755120560526848,0.0489724837243557,0.7776362299919128,0.8923444151878357,0.6820513010025024,0.0,390.0
no_graph,44,AN34,False,169924,125,6.6,0.03403763845562935,0.04340456426143646,0.8510158061981201,0.9469879269599915,0.9487179517745972,0.848717987537384,390.0,0.09287919849157333,0.12548065185546875,-0.245153546333313,0.5838490724563599,0.9179487228393555,0.0,390.0
no_graph,44,AN35,False,169924,112,6.2,0.04134954512119293,0.05496174469590187,0.788588285446167,0.9381800889968872,0.8974359035491943,0.8641026020050049,390.0,0.10187828540802002,0.13658151030540466,-0.3055450916290283,0.630775511264801,0.8666666746139526,0.0,390.0
no_graph,44,AN36,False,169924,118,6.3,0.05116388574242592,0.06937935203313828,0.771004319190979,0.9593866467475891,0.9307692646980286,0.884615421295166,390.0,0.08691771328449249,0.12324360013008118,0.2774040699005127,0.8097381591796875,0.920512855052948,0.0,390.0
no_graph,44,AN37,False,169924,67,4.0,0.021222423762083054,0.03572976216673851,0.8235977292060852,0.9260379076004028,0.8410256505012512,0.6358974575996399,390.0,0.022658901289105415,0.038611672818660736,0.793993353843689,0.9143104553222656,0.8384615778923035,0.0,390.0
no_graph,44,AN38,False,169924,125,6.9,0.03476370871067047,0.04897939786314964,0.7149940729141235,0.9029284119606018,0.9538461565971375,0.848717987537384,390.0,0.061323873698711395,0.09047810733318329,0.027445316314697266,0.5515920519828796,0.8589743971824646,0.0,390.0
no_graph,44,AN41,False,169924,106,5.8,0.03459193930029869,0.04976949468255043,0.6614789962768555,0.8564640879631042,0.928205132484436,0.7743589878082275,390.0,0.049811940640211105,0.07342291623353958,0.26324617862701416,0.6394153237342834,0.8769230842590332,0.0,390.0
no_graph,44,AN42,False,169924,129,6.8,0.019092494621872902,0.02704068087041378,0.9086335301399231,0.9598135948181152,0.8435897827148438,0.6179487109184265,390.0,0.02173314057290554,0.036288704723119736,0.8354512453079224,0.9247941374778748,0.7794871926307678,0.0,390.0
no_graph,44,AN43,False,169924,76,4.5,0.030144115909934044,0.04322689399123192,0.5747728943824768,0.860352635383606,0.8410256505012512,0.8102564215660095,390.0,0.03554243966937065,0.04720228537917137,0.4929637908935547,0.7575814723968506,0.8282051682472229,0.0,390.0
no_graph,44,AN44,False,169924,129,6.8,0.02276988886296749,0.030188685283064842,0.888186514377594,0.9497787952423096,0.9717949032783508,0.8717948794364929,390.0,0.06446009874343872,0.0883944109082222,0.041360437870025635,0.6747174263000488,0.8076923489570618,0.0,390.0
no_graph,44,AN45,False,169924,107,5.9,0.04563860967755318,0.05892819166183472,0.7220247983932495,0.936093270778656,0.8794872164726257,0.8717948794364929,390.0,0.09461848437786102,0.13030333817005157,-0.35916101932525635,0.5553541779518127,0.8666666746139526,0.0,390.0
no_graph,44,AN46,False,169924,104,5.6,0.027377961203455925,0.03920422121882439,0.7016260027885437,0.8714284300804138,0.8358974456787109,0.6692308187484741,390.0,0.023226652294397354,0.03812740370631218,0.7177916765213013,0.8773975968360901,0.8282051682472229,0.0,390.0
no_graph,44,AN47,False,169924,38,2.6,0.02699252963066101,0.04358610510826111,0.6805051565170288,0.8600218296051025,0.7102564573287964,0.3769230842590332,390.0,0.02479369007050991,0.041987814009189606,0.7035071849822998,0.8619070649147034,0.7307692766189575,0.0,390.0
no_graph,44,AN48,False,169924,119,6.6,0.03784778341650963,0.054282356053590775,0.6765481233596802,0.863450825214386,0.9333333373069763,0.7487179636955261,390.0,0.052349481731653214,0.07696951925754547,0.34967589378356934,0.7082787752151489,0.9128205180168152,0.0,390.0
no_graph,44,AN49,False,169924,77,4.7,0.023441525176167488,0.03800000622868538,0.6505216360092163,0.8551332354545593,0.7384615540504456,0.6512820720672607,390.0,0.02139812521636486,0.037926383316516876,0.6518745422363281,0.8354940414428711,0.7179487347602844,0.0,390.0
no_graph,44,AN50,False,169924,119,6.5,0.01885594241321087,0.02796904370188713,0.8609115481376648,0.930903434753418,0.812820553779602,0.6538461446762085,390.0,0.02101154439151287,0.0362025648355484,0.7669685482978821,0.8911349773406982,0.812820553779602,0.0,390.0
no_graph,44,AN51,False,169924,107,5.8,0.019078468903899193,0.02782083861529827,0.8209776878356934,0.9201078414916992,0.8897436261177063,0.8076923489570618,390.0,0.04207058623433113,0.062049269676208496,0.10948735475540161,0.5339223742485046,0.9102564454078674,0.0,390.0
no_graph,44,AN52,False,169924,120,6.5,0.052019063383340836,0.07786022871732712,0.4368174076080322,0.7629901766777039,0.8589743971824646,0.6589744091033936,390.0,0.05569162964820862,0.08127719163894653,0.38630127906799316,0.7298445105552673,0.9000000357627869,0.0,390.0
no_graph,44,AN53,False,169924,120,6.7,0.02372140623629093,0.035986073315143585,0.8759624361991882,0.9376886487007141,0.9589743614196777,0.8641026020050049,390.0,0.07413025945425034,0.0999029278755188,0.04403775930404663,0.7084447145462036,0.9307692646980286,0.0,390.0
no_graph,44,AN54,False,169924,120,6.4,0.024846049025654793,0.03569504991173744,0.8053364157676697,0.9142435193061829,0.884615421295166,0.728205144405365,390.0,0.03311216086149216,0.04519224539399147,0.6879698038101196,0.8465177416801453,0.884615421295166,0.0,390.0
no_graph,44,AN55,False,169924,76,4.3,0.0434868298470974,0.0679163783788681,0.6046295762062073,0.8291522264480591,0.8871794939041138,0.7589743733406067,390.0,0.05479399859905243,0.08724340796470642,0.3475903868675232,0.6906450986862183,0.8743590116500854,0.0,390.0
no_graph,44,AN57,False,169924,75,4.4,0.03199644759297371,0.048859551548957825,0.6963514089584351,0.8477044701576233,0.7487179636955261,0.7051282525062561,390.0,0.03513285517692566,0.05174892768263817,0.6593761444091797,0.8323850631713867,0.7358974814414978,0.0,390.0
no_graph,44,AN58,False,169924,107,5.8,0.02010446973145008,0.03128989040851593,0.9474586248397827,0.9753279685974121,0.9102564454078674,0.8282051682472229,390.0,0.0650513619184494,0.09373891353607178,0.5284440517425537,0.8658540844917297,0.8256410360336304,0.0,390.0
no_graph,44,AN59,False,169924,106,5.8,0.018533939495682716,0.02967502363026142,0.8639240264892578,0.9394153356552124,0.8692308068275452,0.6435897350311279,390.0,0.020798824727535248,0.03590729460120201,0.8007655143737793,0.9169149398803711,0.8410256505012512,0.0,390.0
no_graph,44,AN62,False,169924,126,6.6,0.02491089142858982,0.03416035324335098,0.9499380588531494,0.9764455556869507,0.9615384936332703,0.7820513248443604,390.0,0.07884541898965836,0.11175479739904404,0.46420902013778687,0.8759009838104248,0.9000000357627869,0.0,390.0
no_graph,44,AN63,False,169924,110,5.9,0.02874194085597992,0.04181170091032982,0.8950098156929016,0.946552038192749,0.8794872164726257,0.8461538553237915,390.0,0.06420966237783432,0.09031052142381668,0.5101877450942993,0.8215481042861938,0.7923077344894409,0.0,390.0
no_graph,44,AN65,False,169924,110,5.9,0.02227122150361538,0.031887486577034,0.9518797397613525,0.9772307276725769,0.9333333373069763,0.8641026020050049,390.0,0.07196363061666489,0.10286451131105423,0.4992527365684509,0.8825613856315613,0.8717948794364929,0.0,390.0
no_graph,44,AN66,False,169924,76,4.3,0.01993683911859989,0.03256957605481148,0.95191490650177,0.9769210815429688,0.9717949032783508,0.8769230842590332,390.0,0.06947623938322067,0.09837140142917633,0.5613442659378052,0.8829526901245117,0.9051282405853271,0.0,390.0
no_graph,44,AN67,False,169924,76,4.5,0.02570907026529312,0.03617124632000923,0.8955278396606445,0.9517306089401245,0.8897436261177063,0.8205128312110901,390.0,0.07979641854763031,0.11070315539836884,0.021425962448120117,0.7045205235481262,0.7461538910865784,0.0,390.0
no_graph,44,AN68,False,169924,106,5.9,0.022460224106907845,0.03409430757164955,0.9467003345489502,0.9767823815345764,0.9487179517745972,0.8512820601463318,390.0,0.07256140559911728,0.10253696143627167,0.5179170966148376,0.8828951716423035,0.8692308068275452,0.0,390.0
no_graph,44,AN69,False,169924,87,4.8,0.02425045147538185,0.03424498811364174,0.8262324333190918,0.9446076154708862,0.9076923131942749,0.7794871926307678,390.0,0.04779282584786415,0.0673258826136589,0.3283565640449524,0.7500608563423157,0.884615421295166,0.0,390.0
no_graph,44,AN70,False,169924,112,6.2,0.015350257977843285,0.025126079097390175,0.9099525213241577,0.9607871770858765,0.8769230842590332,0.6615384817123413,390.0,0.01944071054458618,0.03477714583277702,0.8274916410446167,0.938083827495575,0.8333333730697632,0.0,390.0
no_graph,44,AN71,True,169924,174,8.8,0.09770224243402481,0.10920724272727966,0.10739785432815552,0.708188533782959,0.5004931092262268,0.48915189504623413,2028.0,0.08166961371898651,0.0941234901547432,0.3369426131248474,0.7576279640197754,0.5330374836921692,0.0,2028.0
no_graph,44,RBL1,False,169924,106,5.8,0.023021303117275238,0.0352763831615448,0.8456740975379944,0.946657121181488,0.7948718070983887,0.5384615659713745,390.0,0.020931610837578773,0.03714262694120407,0.8289133906364441,0.9470303058624268,0.8102564215660095,0.0,390.0
no_graph,44,RBL101,True,169924,132,6.9,0.02271922491490841,0.03661730885505676,0.8625440001487732,0.929236650466919,0.9299802780151367,0.7490138411521912,2028.0,0.04768788442015648,0.08238724619150162,0.30415773391723633,0.6875008940696716,0.8831360936164856,0.0,2028.0
no_graph,44,RBL102,False,169924,126,6.7,0.014128929004073143,0.020592913031578064,0.946134626865387,0.9728493094444275,0.9435897469520569,0.663239061832428,390.0,0.01903075911104679,0.031996700912714005,0.869957685470581,0.9507333636283875,0.8743590116500854,0.0,390.0
no_graph,44,RBL103,True,169924,143,7.6,0.02500610426068306,0.03805304318666458,0.884269654750824,0.9406542778015137,0.9048323631286621,0.6671597957611084,2028.0,0.0439491793513298,0.0741797536611557,0.5602161884307861,0.8305266499519348,0.892011821269989,0.0,2028.0
no_graph,44,RBL11,True,169924,125,7.0,0.020458774641156197,0.03348324075341225,0.891393780708313,0.9461259245872498,0.9314596056938171,0.8599605560302734,2028.0,0.04470333829522133,0.07624229788780212,0.43689197301864624,0.7770991921424866,0.8767258524894714,0.0,2028.0
no_graph,44,RBL110,True,169924,107,5.8,0.024089660495519638,0.03508724272251129,0.8723347187042236,0.9343092441558838,0.8683432340621948,0.7100591659545898,2028.0,0.04100631922483444,0.06550293415784836,0.5550657510757446,0.815022885799408,0.7988165616989136,0.0,2028.0
no_graph,44,RBL111,True,169924,70,4.2,0.021907776594161987,0.037338707596063614,0.8647205233573914,0.9300475716590881,0.8994082808494568,0.7746548652648926,2028.0,0.042995624244213104,0.0747719556093216,0.45751112699508667,0.7680412530899048,0.8673570156097412,0.0,2028.0
no_graph,44,RBL12,True,169924,110,6.0,0.024722309783101082,0.03881755843758583,0.8321636915206909,0.9193687438964844,0.9368836283683777,0.8022682666778564,2028.0,0.039363469928503036,0.06330520659685135,0.5536162853240967,0.8342556357383728,0.8856015801429749,0.0,2028.0
no_graph,44,RBL159,True,169924,71,4.2,0.04549576714634895,0.061319708824157715,0.5955145359039307,0.8178303241729736,0.8371627926826477,0.5294705033302307,2002.0,0.03542280197143555,0.046558231115341187,0.7668176889419556,0.8975517153739929,0.8306692838668823,0.0,2002.0
no_graph,44,RBL22,True,169924,135,7.0,0.03603595495223999,0.05359002575278282,0.7404721975326538,0.8951441049575806,0.891518771648407,0.7578895688056946,2028.0,0.04570047929883003,0.07763896137475967,0.45527732372283936,0.7517364621162415,0.8796844482421875,0.0,2028.0
no_graph,44,RBL391,False,169924,104,5.6,0.024335810914635658,0.03447114676237106,0.826271116733551,0.9398283362388611,0.8692308068275452,0.47948718070983887,390.0,0.022069230675697327,0.03772972151637077,0.7918732762336731,0.9222732782363892,0.8538461923599243,0.0,390.0
no_graph,45,AN04,False,169924,135,7.2,0.019402267411351204,0.028452493250370026,0.9149546027183533,0.9638115763664246,0.8230769634246826,0.6256410479545593,390.0,0.02233966998755932,0.03592103347182274,0.8644474148750305,0.9588342308998108,0.7974359393119812,0.0,390.0
no_graph,45,AN07,False,169924,113,6.1,0.030336877331137657,0.04539410397410393,0.6341689825057983,0.8728323578834534,0.9179487228393555,0.7538461685180664,390.0,0.04825698211789131,0.07255915552377701,0.06531327962875366,0.499453067779541,0.8717948794364929,0.0,390.0
no_graph,45,AN08,False,169924,114,6.3,0.026964928954839706,0.04108283668756485,0.6627137660980225,0.8196460008621216,0.8230769634246826,0.7846153974533081,390.0,0.042234309017658234,0.06288208812475204,0.20980972051620483,0.5777809619903564,0.7666667103767395,0.0,390.0
no_graph,45,AN09,False,169924,114,6.2,0.019374683499336243,0.030468808487057686,0.8299679756164551,0.917143702507019,0.8025641441345215,0.6435897350311279,390.0,0.021865902468562126,0.03904681280255318,0.7207514643669128,0.8661206364631653,0.6717948913574219,0.0,390.0
no_graph,45,AN10,False,169924,76,4.4,0.019684402272105217,0.03134312108159065,0.8824552297592163,0.9411193132400513,0.9102564454078674,0.7538461685180664,390.0,0.024638397619128227,0.03869374841451645,0.8208568096160889,0.9128826856613159,0.8564102649688721,0.0,390.0
no_graph,45,AN11,False,169924,116,6.5,0.02210119180381298,0.031395938247442245,0.8485444188117981,0.9248437881469727,0.892307698726654,0.7846153974533081,390.0,0.033684566617012024,0.04877995327115059,0.6343873739242554,0.8127267956733704,0.8153846263885498,0.0,390.0
no_graph,45,AN18,False,169924,117,6.3,0.016769636422395706,0.02555984817445278,0.9281864166259766,0.9664630889892578,0.8589743971824646,0.7179487347602844,390.0,0.0213072020560503,0.03441827744245529,0.8697828054428101,0.9520304799079895,0.8230769634246826,0.0,390.0
no_graph,45,AN19,False,169924,128,6.8,0.031959276646375656,0.04845677688717842,0.7172072529792786,0.8881086111068726,0.8820512890815735,0.6871795058250427,390.0,0.05419232323765755,0.08235189318656921,0.1832175850868225,0.5743292570114136,0.7794871926307678,0.0,390.0
no_graph,45,AN20,False,169924,131,6.9,0.01598617248237133,0.0263034887611866,0.9259914755821228,0.9687620997428894,0.8743590116500854,0.6769230961799622,390.0,0.0217701755464077,0.03608337789773941,0.8607261180877686,0.9552841782569885,0.8769230842590332,0.0,390.0
no_graph,45,AN21,False,169924,98,5.6,0.01843983307480812,0.027612799778580666,0.9105579257011414,0.9597062468528748,0.9435897469520569,0.6051282286643982,390.0,0.02019401453435421,0.03345860168337822,0.8686783313751221,0.9461004734039307,0.928205132484436,0.0,390.0
no_graph,45,AN23,False,169924,76,4.6,0.04135173186659813,0.05280553176999092,0.7594662308692932,0.9277953505516052,0.9128205180168152,0.8794872164726257,390.0,0.09891825169324875,0.13378921151161194,-0.5440431833267212,0.46988314390182495,0.8435897827148438,0.0,390.0
no_graph,45,AN24,False,169924,111,6.1,0.03385734558105469,0.04528003931045532,0.37784552574157715,0.768977165222168,0.8384615778923035,0.8102564215660095,390.0,0.037296492606401443,0.04713437333703041,0.325844407081604,0.6648391485214233,0.7025641202926636,0.0,390.0
no_graph,45,AN25,False,169924,114,6.0,0.020910082384943962,0.031016018241643906,0.8421714305877686,0.9241814613342285,0.8820512890815735,0.7948718070983887,390.0,0.030525119975209236,0.04564906656742096,0.6581171751022339,0.8343436121940613,0.8384615778923035,0.0,390.0
no_graph,45,AN26,False,169924,114,6.1,0.027718104422092438,0.036975521594285965,0.6784611344337463,0.8696991205215454,0.7794871926307678,0.8051282167434692,390.0,0.03530703857541084,0.04432447999715805,0.5379465818405151,0.7845624089241028,0.7230769395828247,0.0,390.0
no_graph,45,AN27,False,169924,97,5.4,0.021458297967910767,0.02999749593436718,0.9282034635543823,0.9638952612876892,0.9076923131942749,0.8641026020050049,390.0,0.06701343506574631,0.0931733250617981,0.30734556913375854,0.7885197997093201,0.800000011920929,0.0,390.0
no_graph,45,AN28,False,169924,123,6.6,0.019663842394948006,0.026450421661138535,0.8460115790367126,0.9198912382125854,0.8666666746139526,0.8333333730697632,390.0,0.03741391748189926,0.04828784614801407,0.4867858290672302,0.7770999670028687,0.8102564215660095,0.0,390.0
no_graph,45,AN29,False,169924,150,7.9,0.04188680648803711,0.056459568440914154,0.4077942967414856,0.8648750185966492,0.8666666746139526,0.7948718070983887,390.0,0.043065086007118225,0.05828596651554108,0.36886024475097656,0.7556945085525513,0.6794872283935547,0.0,390.0
no_graph,45,AN30,False,169924,119,6.3,0.038072455674409866,0.05192986875772476,0.3401373624801636,0.7961313724517822,0.7820513248443604,0.8153846263885498,390.0,0.03594708442687988,0.04576510936021805,0.4875067472457886,0.7606310248374939,0.7923077344894409,0.0,390.0
no_graph,45,AN31,False,169924,75,4.3,0.04378034919500351,0.055874988436698914,0.7951956987380981,0.952215313911438,0.9256410598754883,0.8282051682472229,390.0,0.09571103006601334,0.13214997947216034,-0.14561426639556885,0.6806185245513916,0.9256410598754883,0.0,390.0
no_graph,45,AN32,False,169924,130,6.9,0.02096751518547535,0.026212509721517563,0.8559572696685791,0.9267728924751282,0.8974359035491943,0.8333333730697632,390.0,0.04212597757577896,0.056466296315193176,0.33157479763031006,0.694423496723175,0.7358974814414978,0.0,390.0
no_graph,45,AN33,False,169924,141,7.2,0.059991877526044846,0.07985945045948029,0.4086938500404358,0.8682174682617188,0.8743590116500854,0.812820553779602,390.0,0.03755120560526848,0.0489724837243557,0.7776362299919128,0.8923444151878357,0.6820513010025024,0.0,390.0
no_graph,45,AN34,False,169924,134,7.1,0.03249739110469818,0.04160814359784126,0.8630928993225098,0.9530789852142334,0.9794871807098389,0.8589743971824646,390.0,0.09287919849157333,0.12548065185546875,-0.245153546333313,0.5838490724563599,0.9179487228393555,0.0,390.0
no_graph,45,AN35,False,169924,134,6.9,0.0397014245390892,0.052921801805496216,0.8039904236793518,0.9382656812667847,0.8974359035491943,0.9128205180168152,390.0,0.10187828540802002,0.13658151030540466,-0.3055450916290283,0.630775511264801,0.8666666746139526,0.0,390.0
no_graph,45,AN36,False,169924,135,7.2,0.04872081056237221,0.0665045753121376,0.7895883321762085,0.9635478258132935,0.9358974695205688,0.8641026020050049,390.0,0.08691771328449249,0.12324360013008118,0.2774040699005127,0.8097381591796875,0.920512855052948,0.0,390.0
no_graph,45,AN37,False,169924,113,6.1,0.017630936577916145,0.028213482350111008,0.8900089263916016,0.9461959600448608,0.9102564454078674,0.720512866973877,390.0,0.022658901289105415,0.038611672818660736,0.793993353843689,0.9143104553222656,0.8384615778923035,0.0,390.0
no_graph,45,AN38,False,169924,135,7.2,0.03073662333190441,0.045415833592414856,0.7549573183059692,0.9058528542518616,0.9615384936332703,0.8615384697914124,390.0,0.061323873698711395,0.09047810733318329,0.027445316314697266,0.5515920519828796,0.8589743971824646,0.0,390.0
no_graph,45,AN41,False,169924,158,8.2,0.03088311105966568,0.04456683620810509,0.7285544276237488,0.8842243552207947,0.9410256743431091,0.7666667103767395,390.0,0.049811940640211105,0.07342291623353958,0.26324617862701416,0.6394153237342834,0.8769230842590332,0.0,390.0
no_graph,45,AN42,False,169924,117,6.4,0.018841372802853584,0.026673708111047745,0.9110965728759766,0.9646613597869873,0.848717987537384,0.571794867515564,390.0,0.02173314057290554,0.036288704723119736,0.8354512453079224,0.9247941374778748,0.7794871926307678,0.0,390.0
no_graph,45,AN43,False,169924,128,6.9,0.022062988951802254,0.031356342136859894,0.7762496471405029,0.9101717472076416,0.9025641083717346,0.8589743971824646,390.0,0.03554243966937065,0.04720228537917137,0.4929637908935547,0.7575814723968506,0.8282051682472229,0.0,390.0
no_graph,45,AN44,False,169924,122,6.4,0.017882321029901505,0.027572570368647575,0.906726062297821,0.9545247554779053,0.9769231081008911,0.892307698726654,390.0,0.06446009874343872,0.0883944109082222,0.041360437870025635,0.6747174263000488,0.8076923489570618,0.0,390.0
no_graph,45,AN45,False,169924,128,6.7,0.04160293936729431,0.05399863049387932,0.7665868401527405,0.935901403427124,0.9076923131942749,0.884615421295166,390.0,0.09461848437786102,0.13030333817005157,-0.35916101932525635,0.5553541779518127,0.8666666746139526,0.0,390.0
no_graph,45,AN46,False,169924,116,6.4,0.030176641419529915,0.04393604397773743,0.6252537965774536,0.8514376878738403,0.8358974456787109,0.6487179398536682,390.0,0.023226652294397354,0.03812740370631218,0.7177916765213013,0.8773975968360901,0.8282051682472229,0.0,390.0
no_graph,45,AN47,False,169924,78,4.4,0.025493133813142776,0.04113844409584999,0.715381383895874,0.8733980655670166,0.7051282525062561,0.47948718070983887,390.0,0.02479369007050991,0.041987814009189606,0.7035071849822998,0.8619070649147034,0.7307692766189575,0.0,390.0
no_graph,45,AN48,False,169924,134,7.0,0.0397191196680069,0.059349119663238525,0.6133474111557007,0.8391933441162109,0.920512855052948,0.7384615540504456,390.0,0.052349481731653214,0.07696951925754547,0.34967589378356934,0.7082787752151489,0.9128205180168152,0.0,390.0
no_graph,45,AN49,False,169924,78,4.4,0.025925206020474434,0.03964883089065552,0.6195358633995056,0.8462368249893188,0.7358974814414978,0.6692308187484741,390.0,0.02139812521636486,0.037926383316516876,0.6518745422363281,0.8354940414428711,0.7179487347602844,0.0,390.0
no_graph,45,AN50,False,169924,109,6.0,0.018629085272550583,0.03005148284137249,0.8394287824630737,0.9273414611816406,0.8333333730697632,0.620512843132019,390.0,0.02101154439151287,0.0362025648355484,0.7669685482978821,0.8911349773406982,0.812820553779602,0.0,390.0
no_graph,45,AN51,False,169924,94,5.2,0.019885169342160225,0.028838783502578735,0.8076373934745789,0.9172108173370361,0.8820512890815735,0.7897436022758484,390.0,0.04207058623433113,0.062049269676208496,0.10948735475540161,0.5339223742485046,0.9102564454078674,0.0,390.0
no_graph,45,AN52,False,169924,104,6.1,0.05358397960662842,0.07863743603229523,0.42551785707473755,0.742737889289856,0.8871794939041138,0.6358974575996399,390.0,0.05569162964820862,0.08127719163894653,0.38630127906799316,0.7298445105552673,0.9000000357627869,0.0,390.0
no_graph,45,AN53,False,169924,101,5.6,0.024258840829133987,0.03638853132724762,0.8731725215911865,0.9390555620193481,0.95641028881073,0.8564102649688721,390.0,0.07413025945425034,0.0999029278755188,0.04403775930404663,0.7084447145462036,0.9307692646980286,0.0,390.0
no_graph,45,AN54,False,169924,135,7.0,0.023142125457525253,0.03409234806895256,0.8224247097969055,0.9208162426948547,0.884615421295166,0.7820513248443604,390.0,0.03311216086149216,0.04519224539399147,0.6879698038101196,0.8465177416801453,0.884615421295166,0.0,390.0
no_graph,45,AN55,False,169924,134,7.0,0.04068521410226822,0.0659298524260521,0.62742018699646,0.8455154895782471,0.9256410598754883,0.7692307829856873,390.0,0.05479399859905243,0.08724340796470642,0.3475903868675232,0.6906450986862183,0.8743590116500854,0.0,390.0
no_graph,45,AN57,False,169924,93,5.2,0.02840249054133892,0.04412033036351204,0.7524004578590393,0.8830868005752563,0.7974359393119812,0.7820513248443604,390.0,0.03513285517692566,0.05174892768263817,0.6593761444091797,0.8323850631713867,0.7358974814414978,0.0,390.0
no_graph,45,AN58,False,169924,113,6.2,0.02096855267882347,0.03099178709089756,0.9484549760818481,0.9805253744125366,0.9589743614196777,0.8282051682472229,390.0,0.0650513619184494,0.09373891353607178,0.5284440517425537,0.8658540844917297,0.8256410360336304,0.0,390.0
no_graph,45,AN59,False,169924,129,6.8,0.017827646806836128,0.027842098847031593,0.8802148103713989,0.9491495490074158,0.892307698726654,0.6410256624221802,390.0,0.020798824727535248,0.03590729460120201,0.8007655143737793,0.9169149398803711,0.8410256505012512,0.0,390.0
no_graph,45,AN62,False,169924,76,4.7,0.03035092167556286,0.040016259998083115,0.9313032627105713,0.9742863774299622,0.9333333373069763,0.7512820959091187,390.0,0.07884541898965836,0.11175479739904404,0.46420902013778687,0.8759009838104248,0.9000000357627869,0.0,390.0
no_graph,45,AN63,False,169924,109,5.9,0.0292777419090271,0.04274115711450577,0.8902902007102966,0.9443352222442627,0.8794872164726257,0.8461538553237915,390.0,0.06420966237783432,0.09031052142381668,0.5101877450942993,0.8215481042861938,0.7923077344894409,0.0,390.0
no_graph,45,AN65,False,169924,109,5.8,0.024894779548048973,0.034742970019578934,0.9428756237030029,0.9744250178337097,0.9358974695205688,0.8820512890815735,390.0,0.07196363061666489,0.10286451131105423,0.4992527365684509,0.8825613856315613,0.8717948794364929,0.0,390.0
no_graph,45,AN66,False,169924,134,7.3,0.017809804528951645,0.030394308269023895,0.958123505115509,0.9818080067634583,0.9743589758872986,0.8974359035491943,390.0,0.06947623938322067,0.09837140142917633,0.5613442659378052,0.8829526901245117,0.9051282405853271,0.0,390.0
no_graph,45,AN67,False,169924,221,11.0,0.0236827302724123,0.031756289303302765,0.9194745421409607,0.9611268043518066,0.9179487228393555,0.8384615778923035,390.0,0.07979641854763031,0.11070315539836884,0.021425962448120117,0.7045205235481262,0.7461538910865784,0.0,390.0
no_graph,45,AN68,False,169924,92,5.1,0.024332566186785698,0.036818087100982666,0.9378439784049988,0.9709051847457886,0.9692307710647583,0.8615384697914124,390.0,0.07256140559911728,0.10253696143627167,0.5179170966148376,0.8828951716423035,0.8692308068275452,0.0,390.0
no_graph,45,AN69,False,169924,123,6.6,0.027158508077263832,0.03790723532438278,0.7870787382125854,0.939861536026001,0.9384615421295166,0.7897436022758484,390.0,0.04779282584786415,0.0673258826136589,0.3283565640449524,0.7500608563423157,0.884615421295166,0.0,390.0
no_graph,45,AN70,False,169924,129,6.9,0.014698895625770092,0.02382717654109001,0.9190219640731812,0.9648427963256836,0.8717948794364929,0.6897436380386353,390.0,0.01944071054458618,0.03477714583277702,0.8274916410446167,0.938083827495575,0.8333333730697632,0.0,390.0
no_graph,45,AN71,True,169924,161,8.3,0.09692614525556564,0.10808369517326355,0.12566989660263062,0.7183068990707397,0.49309664964675903,0.424063116312027,2028.0,0.08166961371898651,0.0941234901547432,0.3369426131248474,0.7576279640197754,0.5330374836921692,0.0,2028.0
no_graph,45,RBL1,False,169924,90,5.0,0.023159058764576912,0.03434642776846886,0.853703498840332,0.9547308087348938,0.8051282167434692,0.5307692289352417,390.0,0.020931610837578773,0.03714262694120407,0.8289133906364441,0.9470303058624268,0.8102564215660095,0.0,390.0
no_graph,45,RBL101,True,169924,111,6.1,0.023717720061540604,0.03847593441605568,0.8482358455657959,0.9209990501403809,0.9289941191673279,0.743096649646759,2028.0,0.04768788442015648,0.08238724619150162,0.30415773391723633,0.6875008940696716,0.8831360936164856,0.0,2028.0
no_graph,45,RBL102,False,169924,90,5.0,0.016300925984978676,0.026256240904331207,0.9124332070350647,0.9624072909355164,0.8794872164726257,0.6092544794082642,390.0,0.01903075911104679,0.031996700912714005,0.869957685470581,0.9507333636283875,0.8743590116500854,0.0,390.0
no_graph,45,RBL103,True,169924,34,2.7,0.025598609820008278,0.04114645719528198,0.8646889328956604,0.9304047226905823,0.8925049304962158,0.6410256624221802,2028.0,0.0439491793513298,0.0741797536611557,0.5602161884307861,0.8305266499519348,0.892011821269989,0.0,2028.0
no_graph,45,RBL11,True,169924,111,6.1,0.02185015007853508,0.0356900617480278,0.8766059279441833,0.938016951084137,0.9215976595878601,0.7983234524726868,2028.0,0.04470333829522133,0.07624229788780212,0.43689197301864624,0.7770991921424866,0.8767258524894714,0.0,2028.0
no_graph,45,RBL110,True,169924,98,5.5,0.024630138650536537,0.03626184165477753,0.8636440634727478,0.9301309585571289,0.8550295829772949,0.6671597957611084,2028.0,0.04100631922483444,0.06550293415784836,0.5550657510757446,0.815022885799408,0.7988165616989136,0.0,2028.0
no_graph,45,RBL111,True,169924,110,5.9,0.02227833680808544,0.037609461694955826,0.8627514839172363,0.9291605949401855,0.9122288227081299,0.7894477248191833,2028.0,0.042995624244213104,0.0747719556093216,0.45751112699508667,0.7680412530899048,0.8673570156097412,0.0,2028.0
no_graph,45,RBL12,True,169924,135,7.4,0.023823458701372147,0.037968430668115616,0.8394261598587036,0.9205069541931152,0.9349112510681152,0.8279092907905579,2028.0,0.039363469928503036,0.06330520659685135,0.5536162853240967,0.8342556357383728,0.8856015801429749,0.0,2028.0
no_graph,45,RBL159,True,169924,101,5.6,0.05573488399386406,0.06789932399988174,0.5040549039840698,0.7309285402297974,0.8236762881278992,0.41408589482307434,2002.0,0.03542280197143555,0.046558231115341187,0.7668176889419556,0.8975517153739929,0.8306692838668823,0.0,2002.0
no_graph,45,RBL22,True,169924,38,2.6,0.027750350534915924,0.04528844356536865,0.8146507740020752,0.9071241617202759,0.9250493049621582,0.7998027801513672,2028.0,0.04570047929883003,0.07763896137475967,0.45527732372283936,0.7517364621162415,0.8796844482421875,0.0,2028.0
no_graph,45,RBL391,False,169924,110,6.1,0.023563958704471588,0.03228039667010307,0.847651481628418,0.9440214037895203,0.8871794939041138,0.5,390.0,0.022069230675697327,0.03772972151637077,0.7918732762336731,0.9222732782363892,0.8538461923599243,0.0,390.0
no_graph,46,AN04,False,169924,117,6.3,0.017506731674075127,0.02599084936082363,0.9290338754653931,0.9666542410850525,0.8307692408561707,0.684615433216095,390.0,0.02233966998755932,0.03592103347182274,0.8644474148750305,0.9588342308998108,0.7974359393119812,0.0,390.0
no_graph,46,AN07,False,169924,72,4.2,0.028561539947986603,0.04367532581090927,0.6613477468490601,0.8729144334793091,0.9153846502304077,0.7897436022758484,390.0,0.04825698211789131,0.07255915552377701,0.06531327962875366,0.499453067779541,0.8717948794364929,0.0,390.0
no_graph,46,AN08,False,169924,71,4.1,0.02988087199628353,0.045449305325746536,0.587207019329071,0.7844772338867188,0.8205128312110901,0.7564103007316589,390.0,0.042234309017658234,0.06288208812475204,0.20980972051620483,0.5777809619903564,0.7666667103767395,0.0,390.0
no_graph,46,AN09,False,169924,116,6.4,0.01750876195728779,0.02758696861565113,0.8606112599372864,0.9307023882865906,0.8205128312110901,0.656410276889801,390.0,0.021865902468562126,0.03904681280255318,0.7207514643669128,0.8661206364631653,0.6717948913574219,0.0,390.0
no_graph,46,AN10,False,169924,112,6.3,0.017550108954310417,0.026841891929507256,0.9137924909591675,0.9560196995735168,0.9487179517745972,0.7615385055541992,390.0,0.024638397619128227,0.03869374841451645,0.8208568096160889,0.9128826856613159,0.8564102649688721,0.0,390.0
no_graph,46,AN11,False,169924,124,6.7,0.01976422592997551,0.02843800000846386,0.8757385015487671,0.9370643496513367,0.892307698726654,0.7794871926307678,390.0,0.033684566617012024,0.04877995327115059,0.6343873739242554,0.8127267956733704,0.8153846263885498,0.0,390.0
no_graph,46,AN18,False,169924,53,3.4,0.018317949026823044,0.028490565717220306,0.9107738733291626,0.9627092480659485,0.8230769634246826,0.6641026139259338,390.0,0.0213072020560503,0.03441827744245529,0.8697828054428101,0.9520304799079895,0.8230769634246826,0.0,390.0
no_graph,46,AN19,False,169924,56,3.5,0.032639846205711365,0.04705524072051048,0.7333292961120605,0.8908999562263489,0.8717948794364929,0.6641026139259338,390.0,0.05419232323765755,0.08235189318656921,0.1832175850868225,0.5743292570114136,0.7794871926307678,0.0,390.0
no_graph,46,AN20,False,169924,58,3.5,0.017777428030967712,0.029985617846250534,0.9038207530975342,0.9662611484527588,0.9256410598754883,0.7000000476837158,390.0,0.0217701755464077,0.03608337789773941,0.8607261180877686,0.9552841782569885,0.8769230842590332,0.0,390.0
no_graph,46,AN21,False,169924,69,4.2,0.01885492168366909,0.0256769098341465,0.9226596355438232,0.9628644585609436,0.964102566242218,0.6128205060958862,390.0,0.02019401453435421,0.03345860168337822,0.8686783313751221,0.9461004734039307,0.928205132484436,0.0,390.0
no_graph,46,AN23,False,169924,54,3.5,0.042720381170511246,0.05542832612991333,0.7349786758422852,0.9303579926490784,0.9461538791656494,0.9256410598754883,390.0,0.09891825169324875,0.13378921151161194,-0.5440431833267212,0.46988314390182495,0.8435897827148438,0.0,390.0
no_graph,46,AN24,False,169924,127,6.6,0.035610977560281754,0.04921935498714447,0.26488298177719116,0.7277951836585999,0.8205128312110901,0.7974359393119812,390.0,0.037296492606401443,0.04713437333703041,0.325844407081604,0.6648391485214233,0.7025641202926636,0.0,390.0
no_graph,46,AN25,False,169924,121,6.5,0.018889619037508965,0.02772979997098446,0.8738442659378052,0.9362490177154541,0.8641026020050049,0.7948718070983887,390.0,0.030525119975209236,0.04564906656742096,0.6581171751022339,0.8343436121940613,0.8384615778923035,0.0,390.0
no_graph,46,AN26,False,169924,132,7.0,0.026745853945612907,0.03757110983133316,0.66801917552948,0.8801819682121277,0.7897436022758484,0.7974359393119812,390.0,0.03530703857541084,0.04432447999715805,0.5379465818405151,0.7845624089241028,0.7230769395828247,0.0,390.0
no_graph,46,AN27,False,169924,75,4.5,0.02239265665411949,0.03098105639219284,0.9234181642532349,0.9615922570228577,0.920512855052948,0.848717987537384,390.0,0.06701343506574631,0.0931733250617981,0.30734556913375854,0.7885197997093201,0.800000011920929,0.0,390.0
no_graph,46,AN28,False,169924,69,4.0,0.02405962347984314,0.03057251125574112,0.7942758798599243,0.911898136138916,0.9128205180168152,0.7769231200218201,390.0,0.03741391748189926,0.04828784614801407,0.4867858290672302,0.7770999670028687,0.8102564215660095,0.0,390.0
no_graph,46,AN29,False,169924,79,4.7,0.044261444360017776,0.059163760393857956,0.3497070074081421,0.8498440980911255,0.8769230842590332,0.8205128312110901,390.0,0.043065086007118225,0.05828596651554108,0.36886024475097656,0.7556945085525513,0.6794872283935547,0.0,390.0
no_graph,46,AN30,False,169924,165,8.5,0.03168146684765816,0.044484056532382965,0.5157965421676636,0.837699294090271,0.8153846263885498,0.8358974456787109,390.0,0.03594708442687988,0.04576510936021805,0.4875067472457886,0.7606310248374939,0.7923077344894409,0.0,390.0
no_graph,46,AN31,False,169924,143,7.3,0.03443511947989464,0.043349068611860275,0.8767281770706177,0.9609395265579224,0.9384615421295166,0.8717948794364929,390.0,0.09571103006601334,0.13214997947216034,-0.14561426639556885,0.6806185245513916,0.9256410598754883,0.0,390.0
no_graph,46,AN32,False,169924,68,4.1,0.02230348438024521,0.02852681837975979,0.8293992280960083,0.9108158349990845,0.8897436261177063,0.8410256505012512,390.0,0.04212597757577896,0.056466296315193176,0.33157479763031006,0.694423496723175,0.7358974814414978,0.0,390.0
no_graph,46,AN33,False,169924,118,6.4,0.06398244947195053,0.08530266582965851,0.3253399133682251,0.8525724411010742,0.8743590116500854,0.800000011920929,390.0,0.03755120560526848,0.0489724837243557,0.7776362299919128,0.8923444151878357,0.6820513010025024,0.0,390.0
no_graph,46,AN34,False,169924,140,7.6,0.03137490525841713,0.03977230563759804,0.8749076128005981,0.953944742679596,0.9769231081008911,0.8974359035491943,390.0,0.09287919849157333,0.12548065185546875,-0.245153546333313,0.5838490724563599,0.9179487228393555,0.0,390.0
no_graph,46,AN35,False,169924,70,4.1,0.04196751117706299,0.054333917796611786,0.7933906316757202,0.9371607899665833,0.8974359035491943,0.8538461923599243,390.0,0.10187828540802002,0.13658151030540466,-0.3055450916290283,0.630775511264801,0.8666666746139526,0.0,390.0
no_graph,46,AN36,False,169924,79,4.7,0.04411909729242325,0.05996098741889,0.8289574384689331,0.9696619510650635,0.9538461565971375,0.8871794939041138,390.0,0.08691771328449249,0.12324360013008118,0.2774040699005127,0.8097381591796875,0.920512855052948,0.0,390.0
no_graph,46,AN37,False,169924,66,4.0,0.01906426064670086,0.03097628243267536,0.8674125075340271,0.9376814365386963,0.8666666746139526,0.6948718428611755,390.0,0.022658901289105415,0.038611672818660736,0.793993353843689,0.9143104553222656,0.8384615778923035,0.0,390.0
no_graph,46,AN38,False,169924,75,4.3,0.03392619639635086,0.048860132694244385,0.7163803577423096,0.8948907852172852,0.9615384936332703,0.8358974456787109,390.0,0.061323873698711395,0.09047810733318329,0.027445316314697266,0.5515920519828796,0.8589743971824646,0.0,390.0
no_graph,46,AN41,False,169924,67,4.0,0.031481895595788956,0.04367947205901146,0.7392562627792358,0.8824492692947388,0.9307692646980286,0.7410256862640381,390.0,0.049811940640211105,0.07342291623353958,0.26324617862701416,0.6394153237342834,0.8769230842590332,0.0,390.0
no_graph,46,AN42,False,169924,53,3.5,0.020324187353253365,0.031499505043029785,0.8760179281234741,0.9484142661094666,0.8410256505012512,0.607692301273346,390.0,0.02173314057290554,0.036288704723119736,0.8354512453079224,0.9247941374778748,0.7794871926307678,0.0,390.0
no_graph,46,AN43,False,169924,70,4.0,0.025973035022616386,0.03676370531320572,0.6924247741699219,0.897776186466217,0.8769230842590332,0.8538461923599243,390.0,0.03554243966937065,0.04720228537917137,0.4929637908935547,0.7575814723968506,0.8282051682472229,0.0,390.0
no_graph,46,AN44,False,169924,51,3.1,0.02188684046268463,0.03029528446495533,0.8873955011367798,0.943596601486206,0.9538461565971375,0.8410256505012512,390.0,0.06446009874343872,0.0883944109082222,0.041360437870025635,0.6747174263000488,0.8076923489570618,0.0,390.0
no_graph,46,AN45,False,169924,57,3.8,0.046981289982795715,0.060493871569633484,0.7070573568344116,0.9289460182189941,0.8820512890815735,0.8641026020050049,390.0,0.09461848437786102,0.13030333817005157,-0.35916101932525635,0.5553541779518127,0.8666666746139526,0.0,390.0
no_graph,46,AN46,False,169924,123,6.6,0.02773107960820198,0.04066186025738716,0.6790260076522827,0.8683559894561768,0.8333333730697632,0.6538461446762085,390.0,0.023226652294397354,0.03812740370631218,0.7177916765213013,0.8773975968360901,0.8282051682472229,0.0,390.0
no_graph,46,AN47,False,169924,116,6.3,0.02175663225352764,0.03326675668358803,0.8138819336891174,0.9107264280319214,0.8076923489570618,0.6128205060958862,390.0,0.02479369007050991,0.041987814009189606,0.7035071849822998,0.8619070649147034,0.7307692766189575,0.0,390.0
no_graph,46,AN48,False,169924,102,5.7,0.04219743236899376,0.06158459186553955,0.5836711525917053,0.824983537197113,0.9230769276618958,0.7230769395828247,390.0,0.052349481731653214,0.07696951925754547,0.34967589378356934,0.7082787752151489,0.9128205180168152,0.0,390.0
no_graph,46,AN49,False,169924,68,4.0,0.025862235575914383,0.036712296307086945,0.6738058924674988,0.8765818476676941,0.7538461685180664,0.684615433216095,390.0,0.02139812521636486,0.037926383316516876,0.6518745422363281,0.8354940414428711,0.7179487347602844,0.0,390.0
no_graph,46,AN50,False,169924,74,4.3,0.019056115299463272,0.028425509110093117,0.8563345670700073,0.9328875541687012,0.8076923489570618,0.6230769157409668,390.0,0.02101154439151287,0.0362025648355484,0.7669685482978821,0.8911349773406982,0.812820553779602,0.0,390.0
no_graph,46,AN51,False,169924,62,3.9,0.019587544724345207,0.02818256989121437,0.8162920475006104,0.9275494813919067,0.8743590116500854,0.7923077344894409,390.0,0.04207058623433113,0.062049269676208496,0.10948735475540161,0.5339223742485046,0.9102564454078674,0.0,390.0
no_graph,46,AN52,False,169924,75,4.4,0.05289312079548836,0.07666752487421036,0.4539394974708557,0.7532895803451538,0.8871794939041138,0.6666666865348816,390.0,0.05569162964820862,0.08127719163894653,0.38630127906799316,0.7298445105552673,0.9000000357627869,0.0,390.0
no_graph,46,AN53,False,169924,119,6.5,0.02551434375345707,0.039400339126586914,0.8513091206550598,0.9299479126930237,0.95641028881073,0.8435897827148438,390.0,0.07413025945425034,0.0999029278755188,0.04403775930404663,0.7084447145462036,0.9307692646980286,0.0,390.0
no_graph,46,AN54,False,169924,115,6.1,0.024769969284534454,0.03789597749710083,0.7805907130241394,0.9100294709205627,0.884615421295166,0.7333333492279053,390.0,0.03311216086149216,0.04519224539399147,0.6879698038101196,0.8465177416801453,0.884615421295166,0.0,390.0
no_graph,46,AN55,False,169924,122,6.5,0.040307722985744476,0.06684687733650208,0.6169836521148682,0.8371461033821106,0.9358974695205688,0.7666667103767395,390.0,0.05479399859905243,0.08724340796470642,0.3475903868675232,0.6906450986862183,0.8743590116500854,0.0,390.0
no_graph,46,AN57,False,169924,65,3.8,0.0301227867603302,0.047377392649650574,0.7144944071769714,0.8660076856613159,0.7589743733406067,0.7230769395828247,390.0,0.03513285517692566,0.05174892768263817,0.6593761444091797,0.8323850631713867,0.7358974814414978,0.0,390.0
no_graph,46,AN58,False,169924,168,8.7,0.020522641018033028,0.030870892107486725,0.9488563537597656,0.9826225638389587,0.9871795177459717,0.8769230842590332,390.0,0.0650513619184494,0.09373891353607178,0.5284440517425537,0.8658540844917297,0.8256410360336304,0.0,390.0
no_graph,46,AN59,False,169924,54,3.4,0.019912024959921837,0.030710935592651367,0.8542578220367432,0.9379359483718872,0.9051282405853271,0.6179487109184265,390.0,0.020798824727535248,0.03590729460120201,0.8007655143737793,0.9169149398803711,0.8410256505012512,0.0,390.0
no_graph,46,AN62,False,169924,75,4.5,0.027084888890385628,0.03608078509569168,0.9441510438919067,0.9787304401397705,0.9589743614196777,0.7871795296669006,390.0,0.07884541898965836,0.11175479739904404,0.46420902013778687,0.8759009838104248,0.9000000357627869,0.0,390.0
no_graph,46,AN63,False,169924,65,4.0,0.029843702912330627,0.04119192436337471,0.8980993032455444,0.9496509432792664,0.8794872164726257,0.8512820601463318,390.0,0.06420966237783432,0.09031052142381668,0.5101877450942993,0.8215481042861938,0.7923077344894409,0.0,390.0
no_graph,46,AN65,False,169924,101,5.4,0.024526357650756836,0.03413147106766701,0.944868803024292,0.9764150381088257,0.964102566242218,0.8564102649688721,390.0,0.07196363061666489,0.10286451131105423,0.4992527365684509,0.8825613856315613,0.8717948794364929,0.0,390.0
no_graph,46,AN66,False,169924,75,4.3,0.01829262264072895,0.028039205819368362,0.9643616676330566,0.9831305742263794,0.9435897469520569,0.8512820601463318,390.0,0.06947623938322067,0.09837140142917633,0.5613442659378052,0.8829526901245117,0.9051282405853271,0.0,390.0
no_graph,46,AN67,False,169924,74,4.0,0.02904730662703514,0.03745477646589279,0.8879819512367249,0.9574103355407715,0.9102564454078674,0.8153846263885498,390.0,0.07979641854763031,0.11070315539836884,0.021425962448120117,0.7045205235481262,0.7461538910865784,0.0,390.0
no_graph,46,AN68,False,169924,69,4.2,0.02333194762468338,0.03344057500362396,0.9487246870994568,0.9757075905799866,0.9487179517745972,0.8358974456787109,390.0,0.07256140559911728,0.10253696143627167,0.5179170966148376,0.8828951716423035,0.8692308068275452,0.0,390.0
no_graph,46,AN69,False,169924,119,6.3,0.023598959669470787,0.032930850982666016,0.8393130302429199,0.9490005373954773,0.9333333373069763,0.7871795296669006,390.0,0.04779282584786415,0.0673258826136589,0.3283565640449524,0.7500608563423157,0.884615421295166,0.0,390.0
no_graph,46,AN70,False,169924,72,4.4,0.015177584253251553,0.024168480187654495,0.9166854619979858,0.9624538421630859,0.8641026020050049,0.692307710647583,390.0,0.01944071054458618,0.03477714583277702,0.8274916410446167,0.938083827495575,0.8333333730697632,0.0,390.0
no_graph,46,AN71,True,169924,178,9.1,0.09572766721248627,0.10692734271287918,0.1442781686782837,0.7231299877166748,0.5133135914802551,0.5310651063919067,2028.0,0.08166961371898651,0.0941234901547432,0.3369426131248474,0.7576279640197754,0.5330374836921692,0.0,2028.0
no_graph,46,RBL1,False,169924,72,4.1,0.02620662935078144,0.037776365876197815,0.8230253458023071,0.9342149496078491,0.8051282167434692,0.5307692289352417,390.0,0.020931610837578773,0.03714262694120407,0.8289133906364441,0.9470303058624268,0.8102564215660095,0.0,390.0
no_graph,46,RBL101,True,169924,133,7.0,0.023559754714369774,0.03733282908797264,0.857119619846344,0.9293923377990723,0.9309664964675903,0.7426035404205322,2028.0,0.04768788442015648,0.08238724619150162,0.30415773391723633,0.6875008940696716,0.8831360936164856,0.0,2028.0
no_graph,46,RBL102,False,169924,70,4.3,0.015354256145656109,0.022188566625118256,0.937463641166687,0.9702829718589783,0.9256410598754883,0.6812339425086975,390.0,0.01903075911104679,0.031996700912714005,0.869957685470581,0.9507333636283875,0.8743590116500854,0.0,390.0
no_graph,46,RBL103,True,169924,102,5.7,0.026249920949339867,0.03878339007496834,0.8797846436500549,0.941186785697937,0.901873767375946,0.6868836283683777,2028.0,0.0439491793513298,0.0741797536611557,0.5602161884307861,0.8305266499519348,0.892011821269989,0.0,2028.0
no_graph,46,RBL11,True,169924,67,4.0,0.021015280857682228,0.034442197531461716,0.8850837349891663,0.9427252411842346,0.9171597957611084,0.8624260425567627,2028.0,0.04470333829522133,0.07624229788780212,0.43689197301864624,0.7770991921424866,0.8767258524894714,0.0,2028.0
no_graph,46,RBL110,True,169924,53,3.4,0.025341955944895744,0.03657584637403488,0.8612723350524902,0.9287214875221252,0.8560158014297485,0.6789941191673279,2028.0,0.04100631922483444,0.06550293415784836,0.5550657510757446,0.815022885799408,0.7988165616989136,0.0,2028.0
no_graph,46,RBL111,True,169924,152,7.9,0.020519599318504333,0.03413227200508118,0.8869569897651672,0.9434934258460999,0.9063116312026978,0.7919132113456726,2028.0,0.042995624244213104,0.0747719556093216,0.45751112699508667,0.7680412530899048,0.8673570156097412,0.0,2028.0
no_graph,46,RBL12,True,169924,78,4.5,0.023091530427336693,0.03680315613746643,0.849131166934967,0.9238795638084412,0.935404360294342,0.8116371035575867,2028.0,0.039363469928503036,0.06330520659685135,0.5536162853240967,0.8342556357383728,0.8856015801429749,0.0,2028.0
no_graph,46,RBL159,True,169924,74,4.3,0.04827171564102173,0.061075858771800995,0.5987251996994019,0.8068951368331909,0.8416582942008972,0.5094904899597168,2002.0,0.03542280197143555,0.046558231115341187,0.7668176889419556,0.8975517153739929,0.8306692838668823,0.0,2002.0
no_graph,46,RBL22,True,169924,121,6.7,0.027890585362911224,0.044335443526506424,0.8223692774772644,0.917585551738739,0.9122288227081299,0.7924063205718994,2028.0,0.04570047929883003,0.07763896137475967,0.45527732372283936,0.7517364621162415,0.8796844482421875,0.0,2028.0
no_graph,46,RBL391,False,169924,66,4.0,0.022714439779520035,0.03256363049149513,0.8449662327766418,0.9412393569946289,0.8615384697914124,0.4769230782985687,390.0,0.022069230675697327,0.03772972151637077,0.7918732762336731,0.9222732782363892,0.8538461923599243,0.0,390.0
